Date,Time,pres (kPa)
3/1/2023,0:59:00,101.21
3/1/2023,1:59:00,101.25
3/1/2023,2:59:00,101.29
3/1/2023,3:59:00,101.28
3/1/2023,4:59:00,101.25
3/1/2023,5:59:00,101.2
3/1/2023,6:59:00,101.16
3/1/2023,7:59:00,101.14
3/1/2023,8:59:00,101.15
3/1/2023,9:59:00,101.14
3/1/2023,10:59:00,101.17
3/1/2023,11:59:00,101.18
3/1/2023,12:59:00,101.24
3/1/2023,13:59:00,101.35
3/1/2023,14:59:00,101.39
3/1/2023,15:59:00,101.45
3/1/2023,16:59:00,101.43
3/1/2023,17:59:00,101.34
3/1/2023,18:59:00,101.25
3/1/2023,19:59:00,101.1
3/1/2023,20:59:00,101.09
3/1/2023,21:59:00,101.03
3/1/2023,22:59:00,101.04
3/1/2023,23:59:00,101.1
3/2/2023,0:59:00,101.12
3/2/2023,1:59:00,101.13
3/2/2023,2:59:00,101.13
3/2/2023,4:59:00,101.04
3/2/2023,5:59:00,100.96
3/2/2023,6:59:00,100.95
3/2/2023,7:59:00,100.96
3/2/2023,8:59:00,100.95
3/2/2023,9:59:00,100.9
3/2/2023,10:59:00,100.89
3/2/2023,11:59:00,100.91
3/2/2023,12:59:00,100.95
3/2/2023,13:59:00,100.9
3/2/2023,14:59:00,100.94
3/2/2023,15:59:00,100.86
3/2/2023,16:59:00,100.89
3/2/2023,17:59:00,100.79
3/2/2023,18:59:00,100.64
3/2/2023,19:59:00,100.55
3/2/2023,20:59:00,100.47
3/2/2023,22:59:00,100.32
3/2/2023,23:59:00,100.26
3/3/2023,0:59:00,100.24
3/3/2023,1:59:00,100.22
3/3/2023,2:59:00,100.12
3/3/2023,3:59:00,100.07
3/3/2023,4:59:00,100.05
3/3/2023,5:59:00,99.99
3/3/2023,6:59:00,99.95
3/3/2023,7:59:00,99.84
3/3/2023,8:59:00,99.75
3/3/2023,9:59:00,100.01
3/3/2023,10:59:00,99.88
3/3/2023,11:59:00,99.95
3/3/2023,12:59:00,100
3/3/2023,13:59:00,100.21
3/3/2023,14:59:00,100.41
3/3/2023,15:59:00,100.42
3/3/2023,16:59:00,100.49
3/3/2023,17:59:00,100.5
3/3/2023,18:59:00,100.48
3/3/2023,19:59:00,100.48
3/3/2023,20:59:00,100.49
3/3/2023,21:59:00,100.48
3/3/2023,22:59:00,100.52
3/3/2023,23:59:00,100.59
3/4/2023,0:59:00,100.66
3/4/2023,1:59:00,100.76
3/4/2023,2:59:00,100.86
3/4/2023,3:59:00,100.9
3/4/2023,4:59:00,100.92
3/4/2023,5:59:00,100.94
3/4/2023,6:59:00,100.97
3/4/2023,7:59:00,101.02
3/4/2023,8:59:00,101.02
3/4/2023,9:59:00,101.07
3/4/2023,10:59:00,101.15
3/4/2023,11:59:00,101.25
3/4/2023,12:59:00,101.37
3/4/2023,13:59:00,101.46
3/4/2023,14:59:00,101.51
3/4/2023,15:59:00,101.52
3/4/2023,16:59:00,101.55
3/4/2023,17:59:00,101.49
3/4/2023,18:59:00,101.49
3/4/2023,19:59:00,101.47
3/4/2023,20:59:00,101.48
3/4/2023,21:59:00,101.47
3/4/2023,22:59:00,101.5
3/4/2023,23:59:00,101.55
3/5/2023,0:59:00,101.6
3/5/2023,1:59:00,101.64
3/5/2023,2:59:00,101.69
3/5/2023,3:59:00,101.73
3/5/2023,4:59:00,101.71
3/5/2023,5:59:00,101.72
3/5/2023,6:59:00,101.74
3/5/2023,7:59:00,101.73
3/5/2023,8:59:00,101.7
3/5/2023,9:59:00,101.71
3/5/2023,10:59:00,101.74
3/5/2023,11:59:00,101.78
3/5/2023,12:59:00,101.83
3/5/2023,13:59:00,101.89
3/5/2023,14:59:00,101.94
3/5/2023,15:59:00,101.94
3/5/2023,16:59:00,101.93
3/5/2023,17:59:00,101.88
3/5/2023,18:59:00,101.82
3/5/2023,19:59:00,101.78
3/5/2023,20:59:00,101.74
3/5/2023,21:59:00,101.71
3/5/2023,22:59:00,101.67
3/5/2023,23:59:00,101.71
3/6/2023,0:59:00,101.69
3/6/2023,1:59:00,101.73
3/6/2023,2:59:00,101.8
3/6/2023,3:59:00,101.79
3/6/2023,4:59:00,101.72
3/6/2023,5:59:00,101.71
3/6/2023,6:59:00,101.68
3/6/2023,7:59:00,101.7
3/6/2023,8:59:00,101.66
3/6/2023,9:59:00,101.63
3/6/2023,10:59:00,101.66
3/6/2023,11:59:00,101.69
3/6/2023,12:59:00,101.75
3/6/2023,13:59:00,101.79
3/6/2023,14:59:00,101.83
3/6/2023,15:59:00,101.87
3/6/2023,16:59:00,101.89
3/6/2023,17:59:00,101.83
3/6/2023,18:59:00,101.76
3/6/2023,19:59:00,101.69
3/6/2023,20:59:00,101.63
3/6/2023,21:59:00,101.6
3/6/2023,22:59:00,101.6
3/6/2023,23:59:00,101.64
3/7/2023,0:59:00,101.66
3/7/2023,1:59:00,101.66
3/7/2023,2:59:00,101.67
3/7/2023,3:59:00,101.68
3/7/2023,4:59:00,101.63
3/7/2023,5:59:00,101.62
3/7/2023,6:59:00,101.61
3/7/2023,7:59:00,101.59
3/7/2023,8:59:00,101.58
3/7/2023,9:59:00,101.61
3/7/2023,10:59:00,101.65
3/7/2023,11:59:00,101.7
3/7/2023,12:59:00,101.73
3/7/2023,13:59:00,101.79
3/7/2023,14:59:00,101.83
3/7/2023,15:59:00,101.86
3/7/2023,16:59:00,101.86
3/7/2023,17:59:00,101.81
3/7/2023,18:59:00,101.75
3/7/2023,19:59:00,101.7
3/7/2023,20:59:00,101.68
3/7/2023,21:59:00,101.64
3/7/2023,22:59:00,101.65
3/7/2023,23:59:00,101.69
3/8/2023,0:59:00,101.7
3/8/2023,1:59:00,101.73
3/8/2023,2:59:00,101.75
3/8/2023,3:59:00,101.77
3/8/2023,4:59:00,101.78
3/8/2023,5:59:00,101.75
3/8/2023,6:59:00,101.72
3/8/2023,7:59:00,101.68
3/8/2023,8:59:00,101.65
3/8/2023,9:59:00,101.66
3/8/2023,10:59:00,101.72
3/8/2023,11:59:00,101.76
3/8/2023,12:59:00,101.85
3/8/2023,13:59:00,101.91
3/8/2023,14:59:00,101.96
3/8/2023,15:59:00,101.98
3/8/2023,16:59:00,102.01
3/8/2023,17:59:00,101.98
3/8/2023,18:59:00,101.91
3/8/2023,19:59:00,101.8
3/8/2023,20:59:00,101.75
3/8/2023,21:59:00,101.74
3/8/2023,22:59:00,101.75
3/8/2023,23:59:00,101.77
3/9/2023,0:59:00,101.78
3/9/2023,1:59:00,101.79
3/9/2023,2:59:00,101.79
3/9/2023,3:59:00,101.83
3/9/2023,4:59:00,101.84
3/9/2023,5:59:00,101.83
3/9/2023,6:59:00,101.83
3/9/2023,7:59:00,101.78
3/9/2023,8:59:00,101.73
3/9/2023,9:59:00,101.73
3/9/2023,10:59:00,101.73
3/9/2023,11:59:00,101.77
3/9/2023,12:59:00,101.81
3/9/2023,13:59:00,101.9
3/9/2023,14:59:00,101.89
3/9/2023,15:59:00,101.9
3/9/2023,16:59:00,101.88
3/9/2023,17:59:00,101.85
3/9/2023,18:59:00,101.8
3/9/2023,19:59:00,101.74
3/9/2023,20:59:00,101.71
3/9/2023,21:59:00,101.66
3/9/2023,22:59:00,101.65
3/9/2023,23:59:00,101.66
3/10/2023,0:59:00,101.67
3/10/2023,1:59:00,101.69
3/10/2023,2:59:00,101.71
3/10/2023,3:59:00,101.75
3/10/2023,4:59:00,101.74
3/10/2023,5:59:00,101.73
3/10/2023,6:59:00,101.68
3/10/2023,7:59:00,101.73
3/10/2023,8:59:00,101.72
3/10/2023,9:59:00,101.7
3/10/2023,10:59:00,101.69
3/10/2023,11:59:00,101.71
3/10/2023,12:59:00,101.75
3/10/2023,13:59:00,101.77
3/10/2023,14:59:00,101.75
3/10/2023,15:59:00,101.81
3/10/2023,16:59:00,101.78
3/10/2023,17:59:00,101.72
3/10/2023,18:59:00,101.66
3/10/2023,19:59:00,101.63
3/10/2023,20:59:00,101.53
3/10/2023,21:59:00,101.51
3/10/2023,22:59:00,101.47
3/10/2023,23:59:00,101.44
3/11/2023,0:59:00,101.42
3/11/2023,1:59:00,101.46
3/11/2023,2:59:00,101.49
3/11/2023,3:59:00,101.5
3/11/2023,4:59:00,101.46
3/11/2023,5:59:00,101.48
3/11/2023,6:59:00,101.46
3/11/2023,7:59:00,101.4
3/11/2023,8:59:00,101.34
3/11/2023,10:59:00,101.31
3/11/2023,11:59:00,101.32
3/11/2023,12:59:00,101.31
3/11/2023,13:59:00,101.33
3/11/2023,14:59:00,101.31
3/11/2023,15:59:00,101.31
3/11/2023,16:59:00,101.29
3/11/2023,17:59:00,101.23
3/11/2023,19:59:00,101.1
3/11/2023,20:59:00,101.04
3/11/2023,21:59:00,101.02
3/11/2023,22:59:00,101
3/11/2023,23:59:00,100.98
3/12/2023,0:59:00,100.97
3/12/2023,1:59:00,100.91
3/12/2023,2:59:00,100.93
3/12/2023,3:59:00,100.94
3/12/2023,5:59:00,100.89
3/12/2023,7:59:00,100.8
3/12/2023,8:59:00,100.76
3/12/2023,9:59:00,100.72
3/12/2023,10:59:00,100.68
3/12/2023,11:59:00,100.67
3/12/2023,12:59:00,100.73
3/12/2023,13:59:00,100.82
3/12/2023,14:59:00,100.86
3/12/2023,15:59:00,100.89
3/12/2023,16:59:00,100.92
3/12/2023,18:59:00,100.78
3/12/2023,19:59:00,100.71
3/12/2023,20:59:00,100.66
3/12/2023,21:59:00,100.65
3/12/2023,22:59:00,100.67
3/13/2023,0:59:00,100.78
3/13/2023,1:59:00,100.86
3/13/2023,2:59:00,101.04
3/13/2023,3:59:00,101.09
3/13/2023,4:59:00,101.18
3/13/2023,5:59:00,101.25
3/13/2023,6:59:00,101.3
3/13/2023,7:59:00,101.35
3/13/2023,8:59:00,101.41
3/13/2023,11:59:00,101.63
3/13/2023,12:59:00,101.75
3/13/2023,13:59:00,101.81
3/13/2023,14:59:00,101.83
3/13/2023,15:59:00,101.89
3/13/2023,16:59:00,101.97
3/13/2023,17:59:00,101.94
3/13/2023,18:59:00,101.95
3/13/2023,19:59:00,101.81
3/13/2023,20:59:00,101.76
3/13/2023,21:59:00,101.78
3/13/2023,23:59:00,101.82
3/14/2023,0:59:00,101.87
3/14/2023,1:59:00,101.98
3/14/2023,2:59:00,101.98
3/14/2023,3:59:00,102.04
3/14/2023,4:59:00,102.06
3/14/2023,5:59:00,102.08
3/14/2023,6:59:00,102.08
3/14/2023,7:59:00,102.09
3/14/2023,8:59:00,102.08
3/14/2023,9:59:00,102.2
3/14/2023,10:59:00,102.3
3/14/2023,11:59:00,102.3
3/14/2023,12:59:00,102.43
3/14/2023,13:59:00,102.46
3/14/2023,14:59:00,102.48
3/14/2023,15:59:00,102.47
3/14/2023,16:59:00,102.48
3/14/2023,17:59:00,102.44
3/14/2023,18:59:00,102.36
3/14/2023,19:59:00,102.27
3/14/2023,20:59:00,102.3
3/14/2023,21:59:00,102.24
3/14/2023,22:59:00,102.3
3/14/2023,23:59:00,102.31
3/15/2023,0:59:00,102.42
3/15/2023,1:59:00,102.41
3/15/2023,2:59:00,102.48
3/15/2023,3:59:00,102.42
3/15/2023,4:59:00,102.32
3/15/2023,5:59:00,102.34
3/15/2023,6:59:00,102.32
3/15/2023,7:59:00,102.4
3/15/2023,8:59:00,102.4
3/15/2023,9:59:00,102.43
3/15/2023,10:59:00,102.44
3/15/2023,11:59:00,102.46
3/15/2023,12:59:00,102.54
3/15/2023,13:59:00,102.55
3/15/2023,14:59:00,102.57
3/15/2023,15:59:00,102.57
3/15/2023,16:59:00,102.59
3/15/2023,17:59:00,102.55
3/15/2023,18:59:00,102.43
3/15/2023,19:59:00,102.33
3/15/2023,20:59:00,102.24
3/15/2023,21:59:00,102.2
3/15/2023,22:59:00,102.16
3/15/2023,23:59:00,102.12
3/16/2023,0:59:00,102.13
3/16/2023,1:59:00,102.16
3/16/2023,2:59:00,102.16
3/16/2023,3:59:00,102.14
3/16/2023,4:59:00,102.1
3/16/2023,5:59:00,101.98
3/16/2023,6:59:00,101.93
3/16/2023,7:59:00,101.89
3/16/2023,8:59:00,101.86
3/16/2023,9:59:00,101.8
3/16/2023,10:59:00,101.76
3/16/2023,11:59:00,101.8
3/16/2023,12:59:00,101.78
3/16/2023,13:59:00,101.78
3/16/2023,14:59:00,101.85
3/16/2023,15:59:00,101.9
3/16/2023,16:59:00,101.88
3/16/2023,17:59:00,101.85
3/16/2023,18:59:00,101.71
3/16/2023,19:59:00,101.58
3/16/2023,20:59:00,101.45
3/16/2023,21:59:00,101.34
3/16/2023,22:59:00,101.3
3/16/2023,23:59:00,101.31
3/17/2023,0:59:00,101.31
3/17/2023,1:59:00,101.27
3/17/2023,2:59:00,101.31
3/17/2023,3:59:00,101.22
3/17/2023,4:59:00,101.14
3/17/2023,5:59:00,101.16
3/17/2023,6:59:00,101.13
3/17/2023,7:59:00,101.08
3/17/2023,8:59:00,100.99
3/17/2023,9:59:00,100.97
3/17/2023,10:59:00,100.93
3/17/2023,11:59:00,100.98
3/17/2023,12:59:00,101.01
3/17/2023,13:59:00,101.02
3/17/2023,14:59:00,101.09
3/17/2023,15:59:00,101.21
3/17/2023,16:59:00,101.36
3/17/2023,17:59:00,101.38
3/17/2023,18:59:00,101.23
3/17/2023,19:59:00,101.19
3/17/2023,20:59:00,101.3
3/17/2023,21:59:00,101.29
3/17/2023,22:59:00,101.39
3/17/2023,23:59:00,101.5
3/18/2023,0:59:00,101.61
3/18/2023,1:59:00,101.68
3/18/2023,2:59:00,101.78
3/18/2023,3:59:00,101.78
3/18/2023,4:59:00,101.76
3/18/2023,5:59:00,101.78
3/18/2023,6:59:00,101.77
3/18/2023,7:59:00,101.85
3/18/2023,8:59:00,101.77
3/18/2023,9:59:00,101.85
3/18/2023,10:59:00,101.98
3/18/2023,11:59:00,102.05
3/18/2023,12:59:00,102.13
3/18/2023,13:59:00,102.19
3/18/2023,14:59:00,102.23
3/18/2023,15:59:00,102.17
3/18/2023,16:59:00,102.27
3/18/2023,17:59:00,102.25
3/18/2023,18:59:00,102.22
3/18/2023,19:59:00,102.21
3/18/2023,20:59:00,102.2
3/18/2023,21:59:00,102.25
3/18/2023,22:59:00,102.34
3/18/2023,23:59:00,102.37
3/19/2023,0:59:00,102.48
3/19/2023,2:59:00,102.62
3/19/2023,3:59:00,102.65
3/19/2023,4:59:00,102.67
3/19/2023,5:59:00,102.66
3/19/2023,6:59:00,102.64
3/19/2023,7:59:00,102.61
3/19/2023,8:59:00,102.63
3/19/2023,9:59:00,102.73
3/19/2023,10:59:00,102.79
3/19/2023,11:59:00,102.88
3/19/2023,12:59:00,102.92
3/19/2023,13:59:00,102.98
3/19/2023,14:59:00,103.1
3/19/2023,15:59:00,103.18
3/19/2023,16:59:00,103.1
3/19/2023,17:59:00,103.01
3/19/2023,18:59:00,102.95
3/19/2023,19:59:00,102.89
3/19/2023,20:59:00,102.84
3/19/2023,21:59:00,102.8
3/19/2023,22:59:00,102.82
3/19/2023,23:59:00,102.8
3/20/2023,0:59:00,102.88
3/20/2023,1:59:00,102.97
3/20/2023,2:59:00,102.99
3/20/2023,3:59:00,103.01
3/20/2023,4:59:00,103.03
3/20/2023,5:59:00,103.01
3/20/2023,6:59:00,102.95
3/20/2023,7:59:00,102.94
3/20/2023,8:59:00,102.89
3/20/2023,9:59:00,102.88
3/20/2023,10:59:00,102.89
3/20/2023,11:59:00,102.91
3/20/2023,12:59:00,102.94
3/20/2023,13:59:00,103.05
3/20/2023,14:59:00,103.05
3/20/2023,15:59:00,103.03
3/20/2023,16:59:00,103.06
3/20/2023,17:59:00,102.93
3/20/2023,18:59:00,102.76
3/20/2023,19:59:00,102.69
3/20/2023,20:59:00,102.52
3/20/2023,21:59:00,102.54
3/20/2023,22:59:00,102.54
3/20/2023,23:59:00,102.49
3/21/2023,0:59:00,102.49
3/21/2023,1:59:00,102.46
3/21/2023,3:59:00,102.53
3/21/2023,4:59:00,102.51
3/21/2023,5:59:00,102.51
3/21/2023,6:59:00,102.45
3/21/2023,7:59:00,102.37
3/21/2023,8:59:00,102.29
3/21/2023,9:59:00,102.28
3/21/2023,10:59:00,102.31
3/21/2023,11:59:00,102.32
3/21/2023,12:59:00,102.34
3/21/2023,13:59:00,102.35
3/21/2023,14:59:00,102.38
3/21/2023,15:59:00,102.39
3/21/2023,16:59:00,102.45
3/21/2023,17:59:00,102.39
3/21/2023,18:59:00,102.29
3/21/2023,19:59:00,102.21
3/21/2023,20:59:00,102.13
3/21/2023,21:59:00,102.11
3/21/2023,22:59:00,102.1
3/21/2023,23:59:00,102.13
3/22/2023,0:59:00,102.15
3/22/2023,1:59:00,102.23
3/22/2023,2:59:00,102.29
3/22/2023,3:59:00,102.26
3/22/2023,4:59:00,102.22
3/22/2023,5:59:00,102.17
3/22/2023,6:59:00,102.2
3/22/2023,7:59:00,102.17
3/22/2023,8:59:00,102.09
3/22/2023,9:59:00,102.1
3/22/2023,10:59:00,102.11
3/22/2023,11:59:00,102.09
3/22/2023,12:59:00,102.13
3/22/2023,13:59:00,102.18
3/22/2023,14:59:00,102.25
3/22/2023,15:59:00,102.26
3/22/2023,16:59:00,102.28
3/22/2023,17:59:00,102.22
3/22/2023,18:59:00,102.18
3/22/2023,19:59:00,102.12
3/22/2023,20:59:00,102.07
3/22/2023,21:59:00,102.05
3/22/2023,22:59:00,102.05
3/22/2023,23:59:00,102.05
3/23/2023,0:59:00,102.06
3/23/2023,1:59:00,102.07
3/23/2023,2:59:00,102.11
3/23/2023,3:59:00,102.13
3/23/2023,4:59:00,102.12
3/23/2023,5:59:00,102.09
3/23/2023,6:59:00,102.07
3/23/2023,7:59:00,102
3/23/2023,8:59:00,101.95
3/23/2023,9:59:00,101.92
3/23/2023,10:59:00,101.92
3/23/2023,11:59:00,101.93
3/23/2023,12:59:00,101.98
3/23/2023,13:59:00,102.03
3/23/2023,14:59:00,102.08
3/23/2023,15:59:00,102.08
3/23/2023,16:59:00,102.05
3/23/2023,17:59:00,102
3/23/2023,18:59:00,101.93
3/23/2023,19:59:00,101.87
3/23/2023,20:59:00,101.81
3/23/2023,21:59:00,101.77
3/23/2023,22:59:00,101.74
3/23/2023,23:59:00,101.73
3/24/2023,0:59:00,101.71
3/24/2023,1:59:00,101.72
3/24/2023,2:59:00,101.73
3/24/2023,3:59:00,101.68
3/24/2023,4:59:00,101.64
3/24/2023,5:59:00,101.58
3/24/2023,6:59:00,101.5
3/24/2023,7:59:00,101.41
3/24/2023,8:59:00,101.35
3/24/2023,9:59:00,101.27
3/24/2023,10:59:00,101.23
3/24/2023,11:59:00,101.24
3/24/2023,12:59:00,101.26
3/24/2023,13:59:00,101.33
3/24/2023,14:59:00,101.29
3/24/2023,15:59:00,101.29
3/24/2023,16:59:00,101.25
3/24/2023,17:59:00,101.16
3/24/2023,18:59:00,101.12
3/24/2023,19:59:00,101.07
3/24/2023,20:59:00,101
3/24/2023,21:59:00,100.88
3/24/2023,22:59:00,100.86
3/24/2023,23:59:00,100.9
3/25/2023,0:59:00,100.9
3/25/2023,1:59:00,100.93
3/25/2023,2:59:00,100.99
3/25/2023,3:59:00,101
3/25/2023,4:59:00,101.05
3/25/2023,5:59:00,101.06
3/25/2023,6:59:00,101.01
3/25/2023,7:59:00,100.99
3/25/2023,8:59:00,100.98
3/25/2023,9:59:00,100.95
3/25/2023,10:59:00,101
3/25/2023,11:59:00,101.09
3/25/2023,12:59:00,101.16
3/25/2023,13:59:00,101.21
3/25/2023,14:59:00,101.25
3/25/2023,15:59:00,101.27
3/25/2023,16:59:00,101.24
3/25/2023,17:59:00,101.23
3/25/2023,18:59:00,101.17
3/25/2023,19:59:00,101.07
3/25/2023,20:59:00,101
3/25/2023,21:59:00,100.98
3/25/2023,22:59:00,100.97
3/25/2023,23:59:00,100.98
3/26/2023,0:59:00,101.01
3/26/2023,1:59:00,101.06
3/26/2023,2:59:00,101.1
3/26/2023,3:59:00,101.12
3/26/2023,4:59:00,101.12
3/26/2023,5:59:00,101.13
3/26/2023,6:59:00,101.13
3/26/2023,7:59:00,101.08
3/26/2023,8:59:00,101.11
3/26/2023,9:59:00,101.12
3/26/2023,10:59:00,101.12
3/26/2023,11:59:00,101.14
3/26/2023,12:59:00,101.22
3/26/2023,13:59:00,101.29
3/26/2023,14:59:00,101.33
3/26/2023,15:59:00,101.34
3/26/2023,16:59:00,101.3
3/26/2023,17:59:00,101.23
3/26/2023,18:59:00,101.12
3/26/2023,19:59:00,101.03
3/26/2023,20:59:00,100.95
3/26/2023,21:59:00,100.93
3/26/2023,22:59:00,100.97
3/26/2023,23:59:00,101.02
3/27/2023,0:59:00,101.08
3/27/2023,1:59:00,101.13
3/27/2023,2:59:00,101.2
3/27/2023,3:59:00,101.23
3/27/2023,4:59:00,101.21
3/27/2023,5:59:00,101.22
3/27/2023,6:59:00,101.2
3/27/2023,7:59:00,101.2
3/27/2023,8:59:00,101.21
3/27/2023,9:59:00,101.21
3/27/2023,10:59:00,101.25
3/27/2023,11:59:00,101.33
3/27/2023,12:59:00,101.39
3/27/2023,13:59:00,101.46
3/27/2023,14:59:00,101.47
3/27/2023,15:59:00,101.46
3/27/2023,16:59:00,101.48
3/27/2023,17:59:00,101.48
3/27/2023,18:59:00,101.45
3/27/2023,19:59:00,101.41
3/27/2023,20:59:00,101.36
3/27/2023,21:59:00,101.32
3/27/2023,22:59:00,101.34
3/27/2023,23:59:00,101.37
3/28/2023,0:59:00,101.43
3/28/2023,1:59:00,101.49
3/28/2023,2:59:00,101.56
3/28/2023,3:59:00,101.57
3/28/2023,4:59:00,101.57
3/28/2023,5:59:00,101.52
3/28/2023,6:59:00,101.51
3/28/2023,7:59:00,101.48
3/28/2023,9:59:00,101.51
3/28/2023,10:59:00,101.64
3/28/2023,11:59:00,101.56
3/28/2023,12:59:00,101.5
3/28/2023,13:59:00,101.69
3/28/2023,14:59:00,101.82
3/28/2023,15:59:00,101.82
3/28/2023,16:59:00,101.91
3/28/2023,17:59:00,101.86
3/28/2023,18:59:00,101.82
3/28/2023,19:59:00,101.79
3/28/2023,20:59:00,101.74
3/28/2023,21:59:00,101.74
3/28/2023,22:59:00,101.78
3/28/2023,23:59:00,101.8
3/29/2023,0:59:00,101.91
3/29/2023,1:59:00,102.01
3/29/2023,2:59:00,102.13
3/29/2023,3:59:00,102.07
3/29/2023,4:59:00,102.08
3/29/2023,5:59:00,102.06
3/29/2023,6:59:00,102.06
3/29/2023,7:59:00,102.02
3/29/2023,8:59:00,101.98
3/29/2023,9:59:00,102.03
3/29/2023,10:59:00,102.04
3/29/2023,11:59:00,101.97
3/29/2023,12:59:00,102.05
3/29/2023,13:59:00,102.12
3/29/2023,14:59:00,102.26
3/29/2023,15:59:00,102.35
3/29/2023,16:59:00,102.37
3/29/2023,17:59:00,102.28
3/29/2023,18:59:00,102.25
3/29/2023,19:59:00,102.13
3/29/2023,20:59:00,102.08
3/29/2023,21:59:00,102.05
3/29/2023,22:59:00,102.06
3/29/2023,23:59:00,102.07
3/30/2023,0:59:00,102.11
3/30/2023,1:59:00,102.11
3/30/2023,2:59:00,102.15
3/30/2023,3:59:00,102.17
3/30/2023,4:59:00,102.11
3/30/2023,5:59:00,102.09
3/30/2023,6:59:00,102.06
3/30/2023,7:59:00,102
3/30/2023,8:59:00,101.95
3/30/2023,9:59:00,101.97
3/30/2023,10:59:00,101.97
3/30/2023,11:59:00,101.99
3/30/2023,12:59:00,102
3/30/2023,13:59:00,102.02
3/30/2023,14:59:00,102.07
3/30/2023,15:59:00,102.09
3/30/2023,16:59:00,102.05
3/30/2023,17:59:00,101.99
3/30/2023,18:59:00,101.96
3/30/2023,19:59:00,101.89
3/30/2023,20:59:00,101.83
3/30/2023,21:59:00,101.8
3/30/2023,23:59:00,101.81
3/31/2023,0:59:00,101.82
3/31/2023,1:59:00,101.82
3/31/2023,2:59:00,101.87
3/31/2023,3:59:00,101.86
3/31/2023,4:59:00,101.79
3/31/2023,5:59:00,101.79
3/31/2023,6:59:00,101.8
3/31/2023,7:59:00,101.8
3/31/2023,8:59:00,101.73
3/31/2023,9:59:00,101.71
3/31/2023,10:59:00,101.71
3/31/2023,11:59:00,101.78
3/31/2023,12:59:00,101.79
3/31/2023,13:59:00,101.76
3/31/2023,14:59:00,101.74
3/31/2023,15:59:00,101.73
3/31/2023,16:59:00,101.71
3/31/2023,17:59:00,101.62
3/31/2023,18:59:00,101.66
3/31/2023,19:59:00,101.63
3/31/2023,20:59:00,101.61
3/31/2023,21:59:00,101.55
3/31/2023,22:59:00,101.54
3/31/2023,23:59:00,101.54
4/1/2023,0:59:00,101.58
4/1/2023,1:59:00,101.61
4/1/2023,2:59:00,101.71
4/1/2023,3:59:00,101.75
4/1/2023,4:59:00,101.75
4/1/2023,5:59:00,101.71
4/1/2023,6:59:00,101.66
4/1/2023,7:59:00,101.63
4/1/2023,8:59:00,101.67
4/1/2023,9:59:00,101.65
4/1/2023,10:59:00,101.72
4/1/2023,11:59:00,101.77
4/1/2023,12:59:00,101.82
4/1/2023,13:59:00,101.9
4/1/2023,14:59:00,101.97
4/1/2023,15:59:00,102.02
4/1/2023,16:59:00,102.02
4/1/2023,17:59:00,101.97
4/1/2023,18:59:00,101.86
4/1/2023,19:59:00,101.81
4/1/2023,20:59:00,101.73
4/1/2023,21:59:00,101.69
4/1/2023,22:59:00,101.68
4/1/2023,23:59:00,101.68
4/2/2023,0:59:00,101.75
4/2/2023,1:59:00,101.8
4/2/2023,2:59:00,101.83
4/2/2023,3:59:00,101.81
4/2/2023,4:59:00,101.78
4/2/2023,5:59:00,101.76
4/2/2023,6:59:00,101.67
4/2/2023,7:59:00,101.66
4/2/2023,8:59:00,101.67
4/2/2023,9:59:00,101.65
4/2/2023,10:59:00,101.68
4/2/2023,11:59:00,101.68
4/2/2023,12:59:00,101.75
4/2/2023,13:59:00,101.8
4/2/2023,14:59:00,101.76
4/2/2023,15:59:00,101.79
4/2/2023,16:59:00,101.74
4/2/2023,17:59:00,101.69
4/2/2023,18:59:00,101.6
4/2/2023,19:59:00,101.51
4/2/2023,20:59:00,101.43
4/2/2023,21:59:00,101.4
4/2/2023,22:59:00,101.29
4/2/2023,23:59:00,101.24
4/3/2023,0:59:00,101.22
4/3/2023,1:59:00,101.22
4/3/2023,2:59:00,101.27
4/3/2023,3:59:00,101.24
4/3/2023,4:59:00,101.17
4/3/2023,5:59:00,101.2
4/3/2023,6:59:00,101.18
4/3/2023,7:59:00,101.13
4/3/2023,8:59:00,101.08
4/3/2023,9:59:00,101.08
4/3/2023,10:59:00,101.11
4/3/2023,11:59:00,101.14
4/3/2023,12:59:00,101.19
4/3/2023,13:59:00,101.22
4/3/2023,14:59:00,101.25
4/3/2023,15:59:00,101.27
4/3/2023,16:59:00,101.24
4/3/2023,17:59:00,101.2
4/3/2023,18:59:00,101.15
4/3/2023,19:59:00,101.1
4/3/2023,20:59:00,101.07
4/3/2023,21:59:00,101.02
4/3/2023,23:59:00,101
4/4/2023,0:59:00,101
4/4/2023,1:59:00,101.05
4/4/2023,2:59:00,101.09
4/4/2023,3:59:00,101.09
4/4/2023,4:59:00,101.07
4/4/2023,5:59:00,101.04
4/4/2023,6:59:00,101.02
4/4/2023,7:59:00,100.98
4/4/2023,8:59:00,100.96
4/4/2023,9:59:00,100.97
4/4/2023,10:59:00,101
4/4/2023,11:59:00,101.04
4/4/2023,12:59:00,101.07
4/4/2023,13:59:00,101.09
4/4/2023,14:59:00,101.12
4/4/2023,16:59:00,101.13
4/4/2023,17:59:00,101.09
4/4/2023,18:59:00,101.06
4/4/2023,19:59:00,101.02
4/4/2023,20:59:00,101
4/4/2023,21:59:00,101.01
4/4/2023,22:59:00,101.05
4/4/2023,23:59:00,101.06
4/5/2023,0:59:00,101.11
4/5/2023,1:59:00,101.12
4/5/2023,2:59:00,101.17
4/5/2023,3:59:00,101.17
4/5/2023,4:59:00,101.2
4/5/2023,5:59:00,101.19
4/5/2023,6:59:00,101.15
4/5/2023,7:59:00,101.15
4/5/2023,8:59:00,101.16
4/5/2023,9:59:00,101.19
4/5/2023,10:59:00,101.26
4/5/2023,11:59:00,101.29
4/5/2023,12:59:00,101.34
4/5/2023,13:59:00,101.33
4/5/2023,14:59:00,101.41
4/5/2023,15:59:00,101.46
4/5/2023,17:59:00,101.47
4/5/2023,18:59:00,101.46
4/5/2023,19:59:00,101.37
4/5/2023,20:59:00,101.37
4/5/2023,21:59:00,101.39
4/5/2023,22:59:00,101.46
4/5/2023,23:59:00,101.5
4/6/2023,0:59:00,101.52
4/6/2023,1:59:00,101.56
4/6/2023,2:59:00,101.58
4/6/2023,3:59:00,101.65
4/6/2023,4:59:00,101.69
4/6/2023,5:59:00,101.65
4/6/2023,6:59:00,101.59
4/6/2023,7:59:00,101.55
4/6/2023,8:59:00,101.6
4/6/2023,9:59:00,101.65
4/6/2023,11:59:00,101.76
4/6/2023,12:59:00,101.85
4/6/2023,13:59:00,101.93
4/6/2023,14:59:00,101.98
4/6/2023,15:59:00,101.99
4/6/2023,16:59:00,101.95
4/6/2023,17:59:00,101.94
4/6/2023,18:59:00,101.84
4/6/2023,19:59:00,101.75
4/6/2023,20:59:00,101.73
4/6/2023,21:59:00,101.7
4/6/2023,22:59:00,101.63
4/6/2023,23:59:00,101.62
4/7/2023,0:59:00,101.69
4/7/2023,1:59:00,101.75
4/7/2023,2:59:00,101.82
4/7/2023,3:59:00,101.8
4/7/2023,4:59:00,101.81
4/7/2023,5:59:00,101.85
4/7/2023,6:59:00,101.77
4/7/2023,7:59:00,101.77
4/7/2023,8:59:00,101.77
4/7/2023,10:59:00,101.86
4/7/2023,11:59:00,101.81
4/7/2023,12:59:00,101.89
4/7/2023,13:59:00,101.96
4/7/2023,14:59:00,102
4/7/2023,15:59:00,101.99
4/7/2023,16:59:00,101.98
4/7/2023,17:59:00,101.91
4/7/2023,18:59:00,101.79
4/7/2023,19:59:00,101.71
4/7/2023,20:59:00,101.6
4/7/2023,21:59:00,101.58
4/7/2023,22:59:00,101.6
4/7/2023,23:59:00,101.58
4/8/2023,0:59:00,101.63
4/8/2023,1:59:00,101.65
4/8/2023,2:59:00,101.7
4/8/2023,3:59:00,101.78
4/8/2023,4:59:00,101.75
4/8/2023,5:59:00,101.79
4/8/2023,6:59:00,101.78
4/8/2023,7:59:00,101.6
4/8/2023,8:59:00,101.56
4/8/2023,9:59:00,101.49
4/8/2023,10:59:00,101.57
4/8/2023,11:59:00,101.6
4/8/2023,12:59:00,101.68
4/8/2023,13:59:00,101.75
4/8/2023,14:59:00,101.81
4/8/2023,15:59:00,101.89
4/8/2023,16:59:00,101.86
4/8/2023,17:59:00,101.84
4/8/2023,18:59:00,101.76
4/8/2023,19:59:00,101.69
4/8/2023,20:59:00,101.61
4/8/2023,21:59:00,101.6
4/8/2023,22:59:00,101.62
4/8/2023,23:59:00,101.65
4/9/2023,0:59:00,101.68
4/9/2023,1:59:00,101.72
4/9/2023,2:59:00,101.79
4/9/2023,3:59:00,101.83
4/9/2023,4:59:00,101.84
4/9/2023,5:59:00,101.84
4/9/2023,6:59:00,101.85
4/9/2023,7:59:00,101.84
4/9/2023,8:59:00,101.84
4/9/2023,9:59:00,101.85
4/9/2023,10:59:00,101.88
4/9/2023,11:59:00,101.94
4/9/2023,12:59:00,102.02
4/9/2023,13:59:00,102.08
4/9/2023,14:59:00,102.11
4/9/2023,15:59:00,102.14
4/9/2023,16:59:00,102.13
4/9/2023,17:59:00,102.1
4/9/2023,18:59:00,102.07
4/9/2023,19:59:00,102.03
4/9/2023,20:59:00,102
4/9/2023,21:59:00,102.02
4/9/2023,22:59:00,102.04
4/9/2023,23:59:00,102.06
4/10/2023,0:59:00,102.13
4/10/2023,1:59:00,102.21
4/10/2023,2:59:00,102.28
4/10/2023,3:59:00,102.29
4/10/2023,4:59:00,102.29
4/10/2023,5:59:00,102.22
4/10/2023,6:59:00,102.18
4/10/2023,7:59:00,102.21
4/10/2023,8:59:00,102.2
4/10/2023,9:59:00,102.16
4/10/2023,10:59:00,102.17
4/10/2023,11:59:00,102.2
4/10/2023,12:59:00,102.23
4/10/2023,14:59:00,102.31
4/10/2023,15:59:00,102.36
4/10/2023,16:59:00,102.34
4/10/2023,17:59:00,102.32
4/10/2023,18:59:00,102.28
4/10/2023,19:59:00,102.22
4/10/2023,20:59:00,102.15
4/10/2023,21:59:00,102.12
4/10/2023,22:59:00,102.12
4/10/2023,23:59:00,102.15
4/11/2023,0:59:00,102.15
4/11/2023,1:59:00,102.22
4/11/2023,2:59:00,102.29
4/11/2023,3:59:00,102.31
4/11/2023,4:59:00,102.27
4/11/2023,5:59:00,102.22
4/11/2023,6:59:00,102.15
4/11/2023,7:59:00,102.11
4/11/2023,8:59:00,102.05
4/11/2023,9:59:00,102.11
4/11/2023,10:59:00,102.13
4/11/2023,11:59:00,102.08
4/11/2023,12:59:00,102.11
4/11/2023,13:59:00,102.15
4/11/2023,14:59:00,102.2
4/11/2023,15:59:00,102.2
4/11/2023,16:59:00,102.13
4/11/2023,17:59:00,102.09
4/11/2023,18:59:00,102.03
4/11/2023,19:59:00,102.04
4/11/2023,20:59:00,102
4/11/2023,21:59:00,101.97
4/11/2023,22:59:00,101.96
4/11/2023,23:59:00,101.97
4/12/2023,0:59:00,101.95
4/12/2023,1:59:00,101.99
4/12/2023,2:59:00,102.03
4/12/2023,3:59:00,102.01
4/12/2023,4:59:00,101.98
4/12/2023,5:59:00,101.92
4/12/2023,6:59:00,101.82
4/12/2023,7:59:00,101.77
4/12/2023,8:59:00,101.68
4/12/2023,9:59:00,101.71
4/12/2023,10:59:00,101.66
4/12/2023,11:59:00,101.67
4/12/2023,12:59:00,101.7
4/12/2023,13:59:00,101.72
4/12/2023,14:59:00,101.73
4/12/2023,15:59:00,101.71
4/12/2023,16:59:00,101.68
4/12/2023,17:59:00,101.58
4/12/2023,18:59:00,101.5
4/12/2023,19:59:00,101.43
4/12/2023,20:59:00,101.36
4/12/2023,21:59:00,101.34
4/12/2023,22:59:00,101.31
4/12/2023,23:59:00,101.34
4/13/2023,0:59:00,101.32
4/13/2023,1:59:00,101.33
4/13/2023,2:59:00,101.32
4/13/2023,3:59:00,101.26
4/13/2023,4:59:00,101.2
4/13/2023,5:59:00,101.15
4/13/2023,6:59:00,101.06
4/13/2023,7:59:00,100.99
4/13/2023,8:59:00,100.96
4/13/2023,9:59:00,100.97
4/13/2023,10:59:00,100.95
4/13/2023,11:59:00,101.01
4/13/2023,12:59:00,101.07
4/13/2023,13:59:00,101.1
4/13/2023,14:59:00,101.11
4/13/2023,15:59:00,101.14
4/13/2023,16:59:00,101.1
4/13/2023,17:59:00,101.05
4/13/2023,18:59:00,101.01
4/13/2023,19:59:00,100.98
4/13/2023,20:59:00,100.93
4/13/2023,21:59:00,100.88
4/13/2023,22:59:00,100.9
4/14/2023,0:59:00,100.95
4/14/2023,1:59:00,101
4/14/2023,2:59:00,101.06
4/14/2023,3:59:00,101.05
4/14/2023,4:59:00,101.05
4/14/2023,5:59:00,101.06
4/14/2023,6:59:00,101.03
4/14/2023,7:59:00,101.02
4/14/2023,8:59:00,101.03
4/14/2023,9:59:00,101.04
4/14/2023,10:59:00,101.08
4/14/2023,11:59:00,101.15
4/14/2023,12:59:00,101.2
4/14/2023,13:59:00,101.24
4/14/2023,15:59:00,101.27
4/14/2023,16:59:00,101.27
4/14/2023,17:59:00,101.23
4/14/2023,18:59:00,101.2
4/14/2023,19:59:00,101.19
4/14/2023,20:59:00,101.11
4/14/2023,21:59:00,101.1
4/14/2023,22:59:00,101.07
4/14/2023,23:59:00,101.11
4/15/2023,0:59:00,101.13
4/15/2023,1:59:00,101.16
4/15/2023,2:59:00,101.2
4/15/2023,3:59:00,101.2
4/15/2023,4:59:00,101.17
4/15/2023,5:59:00,101.14
4/15/2023,6:59:00,101.1
4/15/2023,7:59:00,101.06
4/15/2023,8:59:00,101.08
4/15/2023,9:59:00,101.11
4/15/2023,10:59:00,101.22
4/15/2023,11:59:00,101.22
4/15/2023,12:59:00,101.21
4/15/2023,13:59:00,101.27
4/15/2023,14:59:00,101.29
4/15/2023,15:59:00,101.21
4/15/2023,16:59:00,101.26
4/15/2023,17:59:00,101.06
4/15/2023,18:59:00,101.1
4/15/2023,19:59:00,101.08
4/15/2023,20:59:00,101.22
4/15/2023,21:59:00,101.21
4/15/2023,22:59:00,101.21
4/19/2023,15:59:00,101.76
4/19/2023,16:59:00,101.78
4/19/2023,17:59:00,101.76
4/19/2023,18:59:00,101.72
4/21/2023,16:59:00,101.31
4/21/2023,17:59:00,101.23
4/21/2023,18:59:00,101.18
4/21/2023,19:59:00,101.14
4/21/2023,20:59:00,101.1
4/21/2023,21:59:00,101.09
4/21/2023,22:59:00,101.11
4/21/2023,23:59:00,101.08
4/22/2023,0:59:00,101.09
4/22/2023,1:59:00,101.09
4/22/2023,2:59:00,101.17
4/22/2023,3:59:00,101.22
4/22/2023,4:59:00,101.22
4/22/2023,5:59:00,101.23
4/22/2023,6:59:00,101.2
4/22/2023,7:59:00,101.22
4/22/2023,8:59:00,101.28
4/22/2023,9:59:00,101.31
4/22/2023,10:59:00,101.35
4/22/2023,11:59:00,101.37
4/22/2023,12:59:00,101.39
4/22/2023,13:59:00,101.4
4/22/2023,14:59:00,101.42
4/22/2023,15:59:00,101.49
4/22/2023,16:59:00,101.48
4/22/2023,17:59:00,101.43
4/22/2023,18:59:00,101.39
4/22/2023,19:59:00,101.33
4/22/2023,20:59:00,101.29
4/22/2023,21:59:00,101.26
4/22/2023,22:59:00,101.27
4/23/2023,0:59:00,101.34
4/23/2023,1:59:00,101.36
4/23/2023,2:59:00,101.38
4/23/2023,3:59:00,101.4
4/23/2023,4:59:00,101.43
4/23/2023,5:59:00,101.46
4/23/2023,6:59:00,101.33
4/23/2023,7:59:00,101.38
4/23/2023,8:59:00,101.4
4/23/2023,9:59:00,101.4
4/23/2023,10:59:00,101.43
4/23/2023,12:59:00,101.58
4/23/2023,13:59:00,101.58
4/23/2023,14:59:00,101.61
4/23/2023,15:59:00,101.6
4/23/2023,16:59:00,101.56
4/23/2023,17:59:00,101.52
4/23/2023,18:59:00,101.59
4/23/2023,19:59:00,101.49
4/23/2023,20:59:00,101.51
4/23/2023,21:59:00,101.39
4/23/2023,22:59:00,101.33
4/23/2023,23:59:00,101.36
4/24/2023,0:59:00,101.37
4/24/2023,2:59:00,101.61
4/24/2023,3:59:00,101.55
4/24/2023,4:59:00,101.58
4/24/2023,5:59:00,101.6
4/24/2023,6:59:00,101.59
4/24/2023,7:59:00,101.54
4/24/2023,8:59:00,101.51
4/24/2023,9:59:00,101.5
4/24/2023,10:59:00,101.55
4/24/2023,11:59:00,101.64
4/24/2023,12:59:00,101.67
4/24/2023,13:59:00,101.72
4/24/2023,14:59:00,101.73
4/24/2023,15:59:00,101.73
4/24/2023,16:59:00,101.69
4/24/2023,17:59:00,101.68
4/24/2023,18:59:00,101.63
4/24/2023,19:59:00,101.6
4/24/2023,20:59:00,101.5
4/24/2023,21:59:00,101.48
4/24/2023,22:59:00,101.5
4/24/2023,23:59:00,101.5
4/25/2023,0:59:00,101.49
4/25/2023,1:59:00,101.54
4/25/2023,2:59:00,101.56
4/25/2023,3:59:00,101.55
4/25/2023,4:59:00,101.49
4/25/2023,5:59:00,101.46
4/25/2023,6:59:00,101.44
4/25/2023,7:59:00,101.45
4/25/2023,8:59:00,101.4
4/25/2023,9:59:00,101.44
4/25/2023,10:59:00,101.4
4/25/2023,11:59:00,101.45
4/25/2023,12:59:00,101.38
4/25/2023,13:59:00,101.47
4/25/2023,14:59:00,101.52
4/25/2023,15:59:00,101.48
4/25/2023,18:59:00,101.44
4/25/2023,19:59:00,101.39
4/25/2023,21:59:00,101.26
4/25/2023,23:59:00,101.27
4/26/2023,0:59:00,101.23
4/26/2023,1:59:00,101.35
4/26/2023,2:59:00,101.37
4/26/2023,3:59:00,101.4
4/26/2023,4:59:00,101.35
4/26/2023,5:59:00,101.41
4/26/2023,7:59:00,101.26
4/26/2023,8:59:00,101.29
4/26/2023,9:59:00,101.3
4/26/2023,12:59:00,101.28
4/26/2023,13:59:00,101.26
4/26/2023,15:59:00,101.3
4/26/2023,16:59:00,101.25
4/26/2023,18:59:00,101.2
4/26/2023,19:59:00,101.14
4/26/2023,20:59:00,101.05
4/26/2023,21:59:00,101.01
4/26/2023,22:59:00,101.01
4/26/2023,23:59:00,101.03
4/27/2023,0:59:00,101
4/27/2023,1:59:00,101.02
4/27/2023,2:59:00,101.03
4/27/2023,3:59:00,101.01
4/27/2023,4:59:00,101.01
4/27/2023,5:59:00,100.99
4/27/2023,6:59:00,100.95
4/27/2023,7:59:00,100.97
4/27/2023,8:59:00,100.94
4/27/2023,9:59:00,100.86
4/27/2023,10:59:00,100.94
4/27/2023,11:59:00,101
4/27/2023,12:59:00,101.14
4/27/2023,13:59:00,101.18
4/27/2023,14:59:00,101.12
4/27/2023,15:59:00,101.09
4/27/2023,16:59:00,101.24
4/27/2023,18:59:00,100.72
4/27/2023,19:59:00,100.72
4/27/2023,20:59:00,100.63
4/27/2023,21:59:00,100.64
4/27/2023,22:59:00,100.7
4/27/2023,23:59:00,100.76
4/28/2023,0:59:00,100.81
4/28/2023,1:59:00,100.86
4/28/2023,2:59:00,100.89
4/28/2023,3:59:00,100.89
4/28/2023,4:59:00,100.85
4/28/2023,7:59:00,100.86
4/28/2023,8:59:00,100.92
4/28/2023,10:59:00,100.98
4/28/2023,11:59:00,101.05
4/28/2023,12:59:00,101.08
4/28/2023,13:59:00,101.12
4/28/2023,14:59:00,101.13
4/28/2023,16:59:00,101.15
4/28/2023,18:59:00,101.08
4/28/2023,19:59:00,101.01
4/28/2023,20:59:00,100.92
4/28/2023,21:59:00,100.82
4/28/2023,22:59:00,100.75
4/28/2023,23:59:00,100.77
4/29/2023,0:59:00,100.79
4/29/2023,1:59:00,100.75
4/29/2023,2:59:00,100.91
4/29/2023,3:59:00,100.89
4/29/2023,4:59:00,101
4/29/2023,5:59:00,101.08
4/29/2023,6:59:00,101.05
4/29/2023,7:59:00,100.99
4/29/2023,8:59:00,100.94
4/29/2023,9:59:00,100.83
4/29/2023,10:59:00,100.75
4/29/2023,11:59:00,100.54
4/29/2023,12:59:00,100.55
4/29/2023,13:59:00,100.74
4/29/2023,14:59:00,100.69
4/29/2023,15:59:00,100.74
4/29/2023,16:59:00,100.63
4/29/2023,17:59:00,100.67
4/29/2023,18:59:00,100.66
4/29/2023,19:59:00,100.67
4/29/2023,20:59:00,100.68
4/29/2023,21:59:00,100.67
4/29/2023,22:59:00,100.7
4/29/2023,23:59:00,100.74
4/30/2023,0:59:00,100.81
4/30/2023,1:59:00,100.88
4/30/2023,2:59:00,100.94
4/30/2023,3:59:00,101
4/30/2023,4:59:00,101
4/30/2023,5:59:00,101.02
4/30/2023,6:59:00,101.02
4/30/2023,7:59:00,101.01
4/30/2023,8:59:00,101.03
4/30/2023,9:59:00,101.06
4/30/2023,10:59:00,101.1
4/30/2023,11:59:00,101.16
4/30/2023,12:59:00,101.25
4/30/2023,13:59:00,101.26
4/30/2023,14:59:00,101.32
4/30/2023,15:59:00,101.33
4/30/2023,16:59:00,101.33
4/30/2023,17:59:00,101.3
4/30/2023,18:59:00,101.27
4/30/2023,19:59:00,101.22
4/30/2023,20:59:00,101.14
4/30/2023,21:59:00,101.11
4/30/2023,22:59:00,101.1
4/30/2023,23:59:00,101.08
5/1/2023,0:59:00,101.09
5/1/2023,1:59:00,101.15
5/1/2023,2:59:00,101.18
5/1/2023,4:59:00,101.17
5/1/2023,5:59:00,101.09
5/1/2023,6:59:00,101.07
5/1/2023,7:59:00,101.05
5/1/2023,8:59:00,101.09
5/1/2023,9:59:00,101.1
5/1/2023,10:59:00,101.13
5/1/2023,11:59:00,101.2
5/1/2023,12:59:00,101.26
5/1/2023,13:59:00,101.29
5/1/2023,14:59:00,101.32
5/1/2023,15:59:00,101.33
5/1/2023,16:59:00,101.31
5/1/2023,18:59:00,101.22
5/1/2023,19:59:00,101.2
5/1/2023,20:59:00,101.17
5/1/2023,21:59:00,101.13
5/1/2023,22:59:00,101.07
5/1/2023,23:59:00,101.06
5/2/2023,0:59:00,101.07
5/2/2023,1:59:00,101.14
5/2/2023,2:59:00,101.14
5/2/2023,3:59:00,101.16
5/2/2023,4:59:00,101.15
5/2/2023,5:59:00,101.13
5/2/2023,6:59:00,101.14
5/2/2023,7:59:00,101.09
5/2/2023,8:59:00,101.11
5/2/2023,9:59:00,101.16
5/2/2023,10:59:00,101.23
5/2/2023,11:59:00,101.31
5/2/2023,12:59:00,101.38
5/2/2023,13:59:00,101.42
5/2/2023,14:59:00,101.45
5/2/2023,15:59:00,101.49
5/2/2023,16:59:00,101.49
5/2/2023,17:59:00,101.42
5/2/2023,18:59:00,101.35
5/2/2023,19:59:00,101.3
5/2/2023,20:59:00,101.22
5/2/2023,21:59:00,101.14
5/2/2023,22:59:00,101.1
5/2/2023,23:59:00,101.14
5/3/2023,0:59:00,101.14
5/3/2023,1:59:00,101.18
5/3/2023,2:59:00,101.24
5/3/2023,3:59:00,101.19
5/3/2023,4:59:00,101.24
5/3/2023,6:59:00,101.24
5/3/2023,7:59:00,101.23
5/3/2023,8:59:00,101.26
5/3/2023,9:59:00,101.28
5/3/2023,10:59:00,101.33
5/3/2023,11:59:00,101.42
5/3/2023,12:59:00,101.42
5/3/2023,13:59:00,101.45
5/3/2023,14:59:00,101.47
5/3/2023,15:59:00,101.5
5/3/2023,16:59:00,101.48
5/3/2023,17:59:00,101.41
5/3/2023,18:59:00,101.32
5/3/2023,19:59:00,101.23
5/3/2023,20:59:00,101.17
5/3/2023,21:59:00,101.15
5/3/2023,22:59:00,101.17
5/3/2023,23:59:00,101.17
5/4/2023,0:59:00,101.19
5/4/2023,1:59:00,101.23
5/4/2023,2:59:00,101.32
5/4/2023,3:59:00,101.35
5/4/2023,4:59:00,101.35
5/4/2023,5:59:00,101.34
5/4/2023,6:59:00,101.31
5/4/2023,8:59:00,101.27
5/4/2023,9:59:00,101.28
5/4/2023,10:59:00,101.37
5/4/2023,11:59:00,101.46
5/4/2023,12:59:00,101.47
5/4/2023,14:59:00,101.57
5/4/2023,15:59:00,101.56
5/4/2023,16:59:00,101.54
5/4/2023,19:59:00,101.42
5/4/2023,21:59:00,101.31
5/4/2023,22:59:00,101.28
5/4/2023,23:59:00,101.28
5/5/2023,0:59:00,101.31
5/5/2023,2:59:00,101.33
5/5/2023,3:59:00,101.34
5/5/2023,4:59:00,101.35
5/5/2023,5:59:00,101.38
5/5/2023,6:59:00,101.35
5/5/2023,7:59:00,101.34
5/5/2023,8:59:00,101.27
5/5/2023,9:59:00,101.28
5/5/2023,10:59:00,101.29
5/5/2023,11:59:00,101.41
5/5/2023,13:59:00,101.44
5/5/2023,14:59:00,101.47
5/5/2023,15:59:00,101.49
5/5/2023,16:59:00,101.5
5/5/2023,17:59:00,101.49
5/5/2023,18:59:00,101.43
5/5/2023,19:59:00,101.43
5/5/2023,20:59:00,101.41
5/5/2023,21:59:00,101.41
5/5/2023,22:59:00,101.43
5/5/2023,23:59:00,101.39
5/6/2023,0:59:00,101.4
5/6/2023,1:59:00,101.44
5/6/2023,2:59:00,101.47
5/6/2023,3:59:00,101.51
5/6/2023,4:59:00,101.52
5/6/2023,5:59:00,101.54
5/6/2023,6:59:00,101.5
5/6/2023,7:59:00,101.46
5/6/2023,8:59:00,101.45
5/6/2023,9:59:00,101.45
5/6/2023,10:59:00,101.56
5/6/2023,11:59:00,101.6
5/6/2023,12:59:00,101.81
5/6/2023,13:59:00,101.7
5/6/2023,14:59:00,101.78
5/6/2023,15:59:00,101.73
5/6/2023,16:59:00,101.82
5/6/2023,17:59:00,101.91
5/6/2023,18:59:00,101.93
5/6/2023,19:59:00,101.88
5/6/2023,20:59:00,101.88
5/6/2023,21:59:00,101.79
5/6/2023,22:59:00,101.72
5/6/2023,23:59:00,101.69
5/7/2023,0:59:00,101.7
5/7/2023,1:59:00,101.69
5/7/2023,2:59:00,101.71
5/7/2023,3:59:00,101.76
5/7/2023,4:59:00,101.8
5/7/2023,5:59:00,101.77
5/7/2023,6:59:00,101.77
5/7/2023,7:59:00,101.7
5/7/2023,8:59:00,101.72
5/7/2023,9:59:00,101.72
5/7/2023,10:59:00,101.69
5/7/2023,11:59:00,101.8
5/7/2023,12:59:00,101.84
5/7/2023,13:59:00,101.83
5/7/2023,14:59:00,101.78
5/7/2023,15:59:00,101.76
5/7/2023,16:59:00,101.8
5/7/2023,17:59:00,101.83
5/7/2023,18:59:00,101.84
5/7/2023,19:59:00,101.81
5/7/2023,20:59:00,101.73
5/7/2023,21:59:00,101.66
5/7/2023,22:59:00,101.68
5/7/2023,23:59:00,101.6
5/8/2023,0:59:00,101.56
5/8/2023,1:59:00,101.52
5/8/2023,2:59:00,101.56
5/8/2023,3:59:00,101.63
5/8/2023,4:59:00,101.62
5/8/2023,5:59:00,101.62
5/8/2023,6:59:00,101.57
5/8/2023,7:59:00,101.51
5/8/2023,8:59:00,101.45
5/8/2023,9:59:00,101.44
5/8/2023,10:59:00,101.53
5/8/2023,11:59:00,101.59
5/8/2023,12:59:00,101.61
5/8/2023,13:59:00,101.67
5/8/2023,14:59:00,101.68
5/8/2023,15:59:00,101.73
5/8/2023,16:59:00,101.73
5/8/2023,17:59:00,101.71
5/8/2023,18:59:00,101.62
5/8/2023,19:59:00,101.54
5/8/2023,20:59:00,101.47
5/8/2023,21:59:00,101.44
5/8/2023,22:59:00,101.45
5/8/2023,23:59:00,101.48
5/9/2023,0:59:00,101.54
5/9/2023,1:59:00,101.62
5/9/2023,2:59:00,101.65
5/9/2023,3:59:00,101.67
5/9/2023,4:59:00,101.59
5/9/2023,5:59:00,101.42
5/9/2023,6:59:00,101.36
5/9/2023,7:59:00,101.38
5/9/2023,8:59:00,101.4
5/9/2023,9:59:00,101.42
5/9/2023,10:59:00,101.48
5/9/2023,11:59:00,101.54
5/9/2023,12:59:00,101.55
5/9/2023,15:59:00,101.62
5/9/2023,16:59:00,101.68
5/9/2023,17:59:00,101.63
5/9/2023,18:59:00,101.59
5/9/2023,19:59:00,101.5
5/9/2023,20:59:00,101.39
5/9/2023,21:59:00,101.47
5/9/2023,22:59:00,101.48
5/9/2023,23:59:00,101.48
5/10/2023,0:59:00,101.52
5/10/2023,1:59:00,101.69
5/10/2023,2:59:00,101.52
5/10/2023,4:59:00,101.44
5/10/2023,5:59:00,101.46
5/10/2023,6:59:00,101.39
5/10/2023,7:59:00,101.35
5/10/2023,8:59:00,101.34
5/10/2023,10:59:00,101.36
5/10/2023,11:59:00,101.52
5/10/2023,12:59:00,101.55
5/10/2023,13:59:00,101.56
5/10/2023,14:59:00,101.55
5/10/2023,15:59:00,101.58
5/10/2023,16:59:00,101.58
5/10/2023,17:59:00,101.56
5/10/2023,18:59:00,101.44
5/10/2023,19:59:00,101.41
5/10/2023,20:59:00,101.35
5/10/2023,21:59:00,101.31
5/10/2023,22:59:00,101.31
5/10/2023,23:59:00,101.25
5/11/2023,0:59:00,101.24
5/11/2023,1:59:00,101.31
5/11/2023,2:59:00,101.34
5/11/2023,3:59:00,101.32
5/11/2023,4:59:00,101.31
5/11/2023,5:59:00,101.28
5/11/2023,6:59:00,101.25
5/11/2023,7:59:00,101.21
5/11/2023,8:59:00,101.16
5/11/2023,9:59:00,101.15
5/11/2023,10:59:00,101.23
5/11/2023,11:59:00,101.28
5/11/2023,12:59:00,101.32
5/11/2023,13:59:00,101.35
5/11/2023,14:59:00,101.38
5/11/2023,15:59:00,101.37
5/11/2023,16:59:00,101.4
5/11/2023,17:59:00,101.37
5/11/2023,18:59:00,101.36
5/11/2023,19:59:00,101.32
5/11/2023,20:59:00,101.27
5/11/2023,21:59:00,101.26
5/11/2023,22:59:00,101.34
5/11/2023,23:59:00,101.3
5/12/2023,0:59:00,101.29
5/12/2023,1:59:00,101.39
5/12/2023,2:59:00,101.42
5/12/2023,3:59:00,101.46
5/12/2023,4:59:00,101.48
5/12/2023,5:59:00,101.42
5/12/2023,6:59:00,101.43
5/12/2023,7:59:00,101.39
5/12/2023,8:59:00,101.41
5/12/2023,9:59:00,101.4
5/12/2023,10:59:00,101.41
5/12/2023,11:59:00,101.5
5/12/2023,12:59:00,101.56
5/12/2023,13:59:00,101.61
5/12/2023,14:59:00,101.64
5/12/2023,15:59:00,101.64
5/12/2023,16:59:00,101.68
5/12/2023,17:59:00,101.67
5/12/2023,18:59:00,101.68
5/12/2023,19:59:00,101.64
5/12/2023,20:59:00,101.56
5/12/2023,21:59:00,101.5
5/12/2023,22:59:00,101.49
5/12/2023,23:59:00,101.49
5/13/2023,0:59:00,101.51
5/13/2023,1:59:00,101.54
5/13/2023,2:59:00,101.57
5/13/2023,3:59:00,101.54
5/13/2023,4:59:00,101.6
5/13/2023,5:59:00,101.6
5/13/2023,6:59:00,101.59
5/13/2023,8:59:00,101.56
5/13/2023,9:59:00,101.53
5/13/2023,10:59:00,101.59
5/13/2023,11:59:00,101.57
5/13/2023,12:59:00,101.56
5/13/2023,13:59:00,101.6
5/13/2023,14:59:00,101.65
5/13/2023,15:59:00,101.65
5/13/2023,16:59:00,101.68
5/13/2023,17:59:00,101.67
5/13/2023,18:59:00,101.62
5/13/2023,19:59:00,101.65
5/13/2023,20:59:00,101.66
5/13/2023,21:59:00,101.6
5/13/2023,22:59:00,101.61
5/13/2023,23:59:00,101.67
5/14/2023,0:59:00,101.67
5/14/2023,1:59:00,101.72
5/14/2023,2:59:00,101.74
5/14/2023,3:59:00,101.76
5/14/2023,4:59:00,101.74
5/14/2023,5:59:00,101.78
5/14/2023,6:59:00,101.69
5/14/2023,7:59:00,101.73
5/14/2023,8:59:00,101.75
5/14/2023,9:59:00,101.73
5/14/2023,10:59:00,101.75
5/14/2023,11:59:00,101.82
5/14/2023,12:59:00,101.92
5/14/2023,13:59:00,101.95
5/14/2023,14:59:00,102.02
5/14/2023,15:59:00,102.05
5/14/2023,16:59:00,102.07
5/14/2023,17:59:00,101.99
5/14/2023,18:59:00,101.96
5/14/2023,19:59:00,101.91
5/14/2023,20:59:00,101.88
5/14/2023,21:59:00,101.85
5/14/2023,22:59:00,101.85
5/14/2023,23:59:00,101.87
5/15/2023,0:59:00,101.93
5/15/2023,1:59:00,102.01
5/15/2023,2:59:00,102.06
5/15/2023,3:59:00,102.09
5/15/2023,4:59:00,102.07
5/15/2023,5:59:00,102.06
5/15/2023,6:59:00,102.03
5/15/2023,7:59:00,101.94
5/15/2023,8:59:00,101.88
5/15/2023,9:59:00,101.88
5/15/2023,10:59:00,101.89
5/15/2023,11:59:00,101.9
5/15/2023,12:59:00,102.08
5/15/2023,13:59:00,102.15
5/15/2023,14:59:00,102.16
5/15/2023,15:59:00,102.13
5/15/2023,16:59:00,102.09
5/15/2023,17:59:00,101.98
5/15/2023,18:59:00,101.92
5/15/2023,19:59:00,101.86
5/15/2023,20:59:00,101.73
5/15/2023,21:59:00,101.78
5/15/2023,22:59:00,101.86
5/15/2023,23:59:00,101.76
5/16/2023,0:59:00,101.88
5/16/2023,1:59:00,101.93
5/16/2023,2:59:00,101.96
5/16/2023,3:59:00,101.91
5/16/2023,4:59:00,101.86
5/16/2023,5:59:00,101.81
5/16/2023,6:59:00,101.71
5/16/2023,7:59:00,101.68
5/16/2023,8:59:00,101.67
5/16/2023,9:59:00,101.64
5/16/2023,10:59:00,101.61
5/16/2023,11:59:00,101.65
5/16/2023,12:59:00,101.67
5/16/2023,13:59:00,101.65
5/16/2023,14:59:00,101.66
5/16/2023,15:59:00,101.66
5/16/2023,16:59:00,101.61
5/16/2023,17:59:00,101.56
5/16/2023,18:59:00,101.5
5/16/2023,19:59:00,101.41
5/16/2023,20:59:00,101.28
5/16/2023,21:59:00,101.2
5/16/2023,22:59:00,101.17
5/16/2023,23:59:00,101.13
5/17/2023,0:59:00,101.17
5/17/2023,1:59:00,101.22
5/17/2023,2:59:00,101.26
5/17/2023,3:59:00,101.23
5/17/2023,4:59:00,101.19
5/17/2023,5:59:00,101.17
5/17/2023,6:59:00,101.13
5/17/2023,7:59:00,101.07
5/17/2023,8:59:00,101.06
5/17/2023,9:59:00,101.07
5/17/2023,10:59:00,101.1
5/17/2023,11:59:00,101.24
5/17/2023,12:59:00,101.2
5/17/2023,13:59:00,101.22
5/17/2023,14:59:00,101.18
5/17/2023,15:59:00,101.16
5/17/2023,16:59:00,101.19
5/17/2023,17:59:00,101.16
5/17/2023,18:59:00,101.07
5/17/2023,19:59:00,100.97
5/17/2023,20:59:00,100.93
5/17/2023,21:59:00,100.88
5/17/2023,22:59:00,100.88
5/17/2023,23:59:00,100.89
5/18/2023,0:59:00,100.92
5/18/2023,1:59:00,101
5/18/2023,2:59:00,101.02
5/18/2023,3:59:00,101.03
5/18/2023,16:59:00,101.31
5/18/2023,17:59:00,101.27
5/18/2023,18:59:00,101.26
5/18/2023,19:59:00,101.23
5/18/2023,20:59:00,101.2
5/18/2023,21:59:00,101.18
5/18/2023,22:59:00,101.18
5/18/2023,23:59:00,101.16
5/19/2023,0:59:00,101.14
5/19/2023,1:59:00,101.2
5/19/2023,2:59:00,101.3
5/19/2023,3:59:00,101.42
5/19/2023,4:59:00,101.46
5/19/2023,5:59:00,101.37
5/19/2023,6:59:00,101.29
5/19/2023,7:59:00,101.28
5/19/2023,8:59:00,101.33
5/19/2023,9:59:00,101.37
5/19/2023,10:59:00,101.45
5/19/2023,11:59:00,101.49
5/19/2023,13:59:00,101.57
5/19/2023,14:59:00,101.6
5/19/2023,15:59:00,101.62
5/19/2023,16:59:00,101.65
5/19/2023,17:59:00,101.67
5/19/2023,18:59:00,101.62
5/19/2023,19:59:00,101.59
5/19/2023,20:59:00,101.52
5/19/2023,21:59:00,101.48
5/19/2023,22:59:00,101.45
5/19/2023,23:59:00,101.42
5/20/2023,0:59:00,101.47
5/20/2023,1:59:00,101.52
5/20/2023,2:59:00,101.51
5/20/2023,3:59:00,101.57
5/20/2023,4:59:00,101.56
5/20/2023,5:59:00,101.57
5/20/2023,6:59:00,101.54
5/20/2023,7:59:00,101.61
5/20/2023,8:59:00,101.62
5/20/2023,9:59:00,101.63
5/20/2023,10:59:00,101.62
5/20/2023,11:59:00,101.9
5/20/2023,12:59:00,101.73
5/20/2023,17:59:00,101.7
5/20/2023,18:59:00,101.65
5/20/2023,19:59:00,101.58
5/20/2023,20:59:00,101.49
5/20/2023,21:59:00,101.47
5/20/2023,22:59:00,101.46
5/20/2023,23:59:00,101.42
5/21/2023,0:59:00,101.51
5/21/2023,1:59:00,101.59
5/21/2023,2:59:00,101.6
5/21/2023,3:59:00,101.69
5/21/2023,4:59:00,101.69
5/21/2023,5:59:00,101.65
5/21/2023,6:59:00,101.57
5/21/2023,7:59:00,101.55
5/21/2023,8:59:00,101.53
5/21/2023,9:59:00,101.53
5/21/2023,10:59:00,101.56
5/25/2023,15:59:00,101.21
5/25/2023,16:59:00,101.16
5/25/2023,17:59:00,101.13
5/25/2023,18:59:00,101.11
5/25/2023,19:59:00,101.1
5/25/2023,20:59:00,101.07
5/25/2023,21:59:00,101.06
5/25/2023,22:59:00,101.09
5/25/2023,23:59:00,101.11
5/26/2023,0:59:00,101.14
5/26/2023,1:59:00,101.15
5/26/2023,2:59:00,101.19
5/26/2023,3:59:00,101.22
5/26/2023,4:59:00,101.24
5/26/2023,5:59:00,101.26
5/26/2023,6:59:00,101.29
5/26/2023,7:59:00,101.28
5/26/2023,8:59:00,101.28
5/26/2023,9:59:00,101.3
5/26/2023,10:59:00,101.34
5/26/2023,11:59:00,101.39
5/26/2023,12:59:00,101.41
5/26/2023,13:59:00,101.45
5/26/2023,14:59:00,101.49
5/26/2023,15:59:00,101.5
5/26/2023,16:59:00,101.51
5/26/2023,17:59:00,101.49
5/26/2023,18:59:00,101.46
5/26/2023,19:59:00,101.43
5/26/2023,20:59:00,101.39
5/26/2023,21:59:00,101.35
5/26/2023,22:59:00,101.33
5/26/2023,23:59:00,101.34
5/27/2023,0:59:00,101.39
5/27/2023,1:59:00,101.43
5/27/2023,2:59:00,101.48
5/27/2023,3:59:00,101.49
5/27/2023,4:59:00,101.49
5/27/2023,5:59:00,101.47
5/27/2023,7:59:00,101.48
5/27/2023,8:59:00,101.45
5/27/2023,9:59:00,101.48
5/27/2023,10:59:00,101.52
5/27/2023,11:59:00,101.57
5/27/2023,12:59:00,101.61
5/27/2023,13:59:00,101.61
5/27/2023,14:59:00,101.61
5/27/2023,15:59:00,101.61
5/27/2023,16:59:00,101.59
5/27/2023,17:59:00,101.57
5/27/2023,18:59:00,101.53
5/27/2023,19:59:00,101.55
5/27/2023,20:59:00,101.52
5/27/2023,21:59:00,101.49
5/27/2023,22:59:00,101.49
5/27/2023,23:59:00,101.48
5/28/2023,0:59:00,101.54
5/28/2023,1:59:00,101.54
5/28/2023,2:59:00,101.58
5/28/2023,3:59:00,101.58
5/28/2023,4:59:00,101.54
5/28/2023,5:59:00,101.53
5/28/2023,6:59:00,101.56
5/28/2023,7:59:00,101.56
5/28/2023,8:59:00,101.54
5/28/2023,9:59:00,101.53
5/28/2023,10:59:00,101.55
5/28/2023,11:59:00,101.54
5/28/2023,12:59:00,101.65
5/28/2023,13:59:00,101.65
5/28/2023,14:59:00,101.62
5/28/2023,15:59:00,101.59
5/28/2023,16:59:00,101.6
5/28/2023,17:59:00,101.6
5/28/2023,18:59:00,101.52
5/28/2023,19:59:00,101.48
5/28/2023,20:59:00,101.43
5/28/2023,21:59:00,101.4
5/28/2023,22:59:00,101.39
5/28/2023,23:59:00,101.39
5/29/2023,0:59:00,101.43
5/29/2023,1:59:00,101.48
5/29/2023,2:59:00,101.5
5/29/2023,3:59:00,101.48
5/29/2023,4:59:00,101.46
5/29/2023,5:59:00,101.43
5/29/2023,6:59:00,101.4
5/29/2023,7:59:00,101.38
5/29/2023,8:59:00,101.37
5/29/2023,9:59:00,101.38
5/29/2023,10:59:00,101.41
5/29/2023,11:59:00,101.47
5/29/2023,12:59:00,101.46
5/29/2023,13:59:00,101.49
5/29/2023,14:59:00,101.46
5/29/2023,15:59:00,101.44
5/29/2023,16:59:00,101.43
5/29/2023,17:59:00,101.35
5/29/2023,18:59:00,101.33
5/29/2023,19:59:00,101.3
5/29/2023,20:59:00,101.25
5/29/2023,21:59:00,101.22
5/29/2023,22:59:00,101.17
5/29/2023,23:59:00,101.15
5/30/2023,0:59:00,101.16
5/30/2023,1:59:00,101.19
5/30/2023,2:59:00,101.24
5/30/2023,3:59:00,101.28
5/30/2023,4:59:00,101.27
5/30/2023,5:59:00,101.25
5/30/2023,6:59:00,101.24
5/30/2023,7:59:00,101.21
5/30/2023,8:59:00,101.15
5/30/2023,9:59:00,101.19
5/30/2023,10:59:00,101.2
5/30/2023,11:59:00,101.25
5/30/2023,12:59:00,101.26
5/30/2023,13:59:00,101.28
5/30/2023,14:59:00,101.31
5/30/2023,15:59:00,101.31
5/30/2023,16:59:00,101.32
5/30/2023,17:59:00,101.25
5/30/2023,18:59:00,101.22
5/30/2023,19:59:00,101.15
5/30/2023,20:59:00,101.12
5/30/2023,21:59:00,101.17
5/30/2023,22:59:00,101.14
5/30/2023,23:59:00,101.1
5/31/2023,0:59:00,101.16
5/31/2023,1:59:00,101.16
5/31/2023,2:59:00,101.21
5/31/2023,3:59:00,101.24
5/31/2023,4:59:00,101.23
5/31/2023,5:59:00,101.2
5/31/2023,6:59:00,101.17
5/31/2023,7:59:00,101.19
5/31/2023,8:59:00,101.18
5/31/2023,9:59:00,101.19
5/31/2023,10:59:00,101.23
5/31/2023,11:59:00,101.27
5/31/2023,12:59:00,101.31
5/31/2023,13:59:00,101.34
5/31/2023,14:59:00,101.35
5/31/2023,15:59:00,101.37
5/31/2023,16:59:00,101.35
5/31/2023,17:59:00,101.29
5/31/2023,18:59:00,101.25
5/31/2023,19:59:00,101.22
5/31/2023,20:59:00,101.18
5/31/2023,21:59:00,101.16
5/31/2023,22:59:00,101.14
5/31/2023,23:59:00,101.1
6/1/2023,0:59:00,101.13
6/1/2023,1:59:00,101.14
6/1/2023,2:59:00,101.2
6/1/2023,3:59:00,101.23
6/1/2023,4:59:00,101.19
6/1/2023,5:59:00,101.15
6/1/2023,6:59:00,101.12
6/1/2023,7:59:00,101.1
6/1/2023,8:59:00,101.1
6/1/2023,9:59:00,101.13
6/1/2023,10:59:00,101.17
6/1/2023,11:59:00,101.24
6/1/2023,12:59:00,101.28
6/1/2023,13:59:00,101.3
6/1/2023,14:59:00,101.3
6/1/2023,15:59:00,101.32
6/1/2023,16:59:00,101.34
6/1/2023,17:59:00,101.29
6/1/2023,18:59:00,101.25
6/1/2023,19:59:00,101.19
6/1/2023,20:59:00,101.17
6/1/2023,21:59:00,101.12
6/1/2023,22:59:00,101.1
6/2/2023,0:59:00,101.18
6/2/2023,1:59:00,101.21
6/2/2023,2:59:00,101.28
6/2/2023,3:59:00,101.32
6/2/2023,4:59:00,101.29
6/2/2023,5:59:00,101.23
6/2/2023,6:59:00,101.22
6/2/2023,7:59:00,101.2
6/2/2023,8:59:00,101.18
6/2/2023,9:59:00,101.18
6/2/2023,10:59:00,101.19
6/2/2023,11:59:00,101.22
6/2/2023,12:59:00,101.26
6/2/2023,13:59:00,101.28
6/2/2023,14:59:00,101.28
6/2/2023,15:59:00,101.28
6/2/2023,17:59:00,101.19
6/2/2023,18:59:00,101.13
6/2/2023,19:59:00,101.09
6/2/2023,20:59:00,101.04
6/2/2023,21:59:00,101
6/2/2023,22:59:00,100.93
6/2/2023,23:59:00,100.87
6/3/2023,0:59:00,100.93
6/3/2023,1:59:00,100.92
6/3/2023,2:59:00,100.95
6/3/2023,3:59:00,100.99
6/3/2023,4:59:00,100.99
6/3/2023,5:59:00,100.95
6/3/2023,6:59:00,100.92
6/3/2023,7:59:00,100.87
6/3/2023,8:59:00,100.89
6/3/2023,9:59:00,100.88
6/3/2023,10:59:00,100.93
6/3/2023,11:59:00,100.92
6/3/2023,12:59:00,100.89
6/3/2023,13:59:00,100.93
6/3/2023,14:59:00,100.92
6/3/2023,15:59:00,100.93
6/3/2023,16:59:00,100.94
6/3/2023,17:59:00,100.92
6/3/2023,18:59:00,100.89
6/3/2023,19:59:00,100.8
6/3/2023,20:59:00,100.74
6/3/2023,21:59:00,100.67
6/3/2023,22:59:00,100.72
6/3/2023,23:59:00,100.78
6/4/2023,0:59:00,100.8
6/4/2023,1:59:00,100.9
6/4/2023,2:59:00,100.89
6/4/2023,3:59:00,100.9
6/4/2023,4:59:00,100.98
6/4/2023,5:59:00,100.94
6/4/2023,6:59:00,100.85
6/4/2023,7:59:00,100.83
6/4/2023,8:59:00,100.85
6/4/2023,9:59:00,100.82
6/4/2023,10:59:00,100.83
6/4/2023,11:59:00,100.88
6/4/2023,12:59:00,100.94
6/4/2023,13:59:00,100.96
6/4/2023,14:59:00,100.99
6/4/2023,15:59:00,101.01
6/4/2023,16:59:00,100.99
6/4/2023,17:59:00,101
6/4/2023,18:59:00,100.94
6/4/2023,19:59:00,100.89
6/4/2023,20:59:00,100.83
6/4/2023,21:59:00,100.83
6/4/2023,22:59:00,100.83
6/5/2023,0:59:00,100.93
6/5/2023,1:59:00,100.94
6/5/2023,2:59:00,100.98
6/5/2023,3:59:00,101.03
6/5/2023,4:59:00,101.02
6/5/2023,5:59:00,101.09
6/5/2023,6:59:00,101.01
6/5/2023,7:59:00,100.97
6/5/2023,8:59:00,100.99
6/5/2023,9:59:00,101.02
6/5/2023,10:59:00,101.08
6/5/2023,11:59:00,101.14
6/5/2023,12:59:00,101.17
6/5/2023,13:59:00,101.2
6/5/2023,14:59:00,101.17
6/5/2023,15:59:00,101.18
6/5/2023,16:59:00,101.23
6/5/2023,17:59:00,101.23
6/5/2023,18:59:00,101.24
6/5/2023,19:59:00,101.32
6/5/2023,20:59:00,101.18
6/5/2023,21:59:00,101.19
6/5/2023,22:59:00,101.17
6/5/2023,23:59:00,101.19
6/6/2023,0:59:00,101.19
6/6/2023,1:59:00,101.19
6/6/2023,2:59:00,101.22
6/6/2023,3:59:00,101.26
6/6/2023,4:59:00,101.28
6/6/2023,5:59:00,101.32
6/6/2023,6:59:00,101.25
6/6/2023,7:59:00,101.24
6/6/2023,8:59:00,101.21
6/6/2023,9:59:00,101.19
6/6/2023,10:59:00,101.24
6/6/2023,11:59:00,101.26
6/6/2023,12:59:00,101.29
6/6/2023,13:59:00,101.32
6/6/2023,14:59:00,101.31
6/6/2023,15:59:00,101.29
6/6/2023,16:59:00,101.25
6/6/2023,17:59:00,101.18
6/6/2023,18:59:00,101.15
6/6/2023,19:59:00,101.14
6/6/2023,20:59:00,101.15
6/6/2023,21:59:00,101.09
6/6/2023,22:59:00,101.03
6/6/2023,23:59:00,101
6/7/2023,0:59:00,101.04
6/7/2023,1:59:00,101.08
6/7/2023,2:59:00,101.12
6/7/2023,3:59:00,101.11
6/7/2023,4:59:00,101.08
6/7/2023,5:59:00,101.08
6/7/2023,6:59:00,101.06
6/7/2023,7:59:00,101.02
6/7/2023,8:59:00,101.03
6/7/2023,9:59:00,101.05
6/7/2023,10:59:00,101.08
6/7/2023,11:59:00,101.09
6/7/2023,12:59:00,101.12
6/7/2023,13:59:00,101.13
6/7/2023,14:59:00,101.09
6/7/2023,15:59:00,101.07
6/7/2023,16:59:00,101.03
6/7/2023,17:59:00,100.97
6/7/2023,18:59:00,100.94
6/7/2023,19:59:00,100.9
6/7/2023,20:59:00,100.82
6/7/2023,21:59:00,100.75
6/7/2023,22:59:00,100.78
6/7/2023,23:59:00,100.78
6/8/2023,0:59:00,100.82
6/8/2023,1:59:00,100.78
6/8/2023,2:59:00,100.84
6/8/2023,3:59:00,100.87
6/8/2023,4:59:00,100.89
6/8/2023,5:59:00,100.85
6/8/2023,6:59:00,100.82
6/8/2023,7:59:00,100.76
6/8/2023,8:59:00,100.76
6/8/2023,9:59:00,100.79
6/8/2023,10:59:00,100.9
6/8/2023,11:59:00,100.95
6/8/2023,12:59:00,100.98
6/8/2023,13:59:00,101.03
6/8/2023,14:59:00,101.01
6/8/2023,15:59:00,101.02
6/8/2023,16:59:00,100.98
6/8/2023,17:59:00,100.98
6/8/2023,18:59:00,100.92
6/8/2023,19:59:00,100.88
6/8/2023,20:59:00,100.76
6/8/2023,21:59:00,100.74
6/8/2023,22:59:00,100.78
6/8/2023,23:59:00,100.8
6/9/2023,0:59:00,100.83
6/9/2023,1:59:00,100.88
6/9/2023,2:59:00,101
6/9/2023,3:59:00,100.96
6/9/2023,4:59:00,100.98
6/9/2023,5:59:00,100.91
6/9/2023,6:59:00,100.9
6/9/2023,7:59:00,100.84
6/9/2023,8:59:00,100.84
6/9/2023,9:59:00,100.87
6/9/2023,10:59:00,100.94
6/9/2023,11:59:00,100.98
6/9/2023,12:59:00,101.03
6/9/2023,13:59:00,101.07
6/9/2023,14:59:00,101.06
6/9/2023,15:59:00,101.05
6/9/2023,16:59:00,101.09
6/9/2023,17:59:00,101.06
6/9/2023,18:59:00,101
6/9/2023,19:59:00,100.96
6/9/2023,20:59:00,100.94
6/9/2023,21:59:00,100.88
6/9/2023,22:59:00,100.88
6/9/2023,23:59:00,100.88
6/10/2023,0:59:00,100.94
6/10/2023,1:59:00,100.96
6/10/2023,2:59:00,101
6/10/2023,3:59:00,101.02
6/10/2023,4:59:00,101
6/10/2023,5:59:00,100.97
6/10/2023,6:59:00,100.93
6/10/2023,7:59:00,100.94
6/10/2023,8:59:00,100.91
6/10/2023,9:59:00,100.89
6/10/2023,10:59:00,100.96
6/10/2023,11:59:00,100.99
6/10/2023,12:59:00,101.04
6/10/2023,13:59:00,101.06
6/10/2023,14:59:00,101.08
6/10/2023,15:59:00,101.09
6/10/2023,16:59:00,101.12
6/10/2023,17:59:00,101.11
6/10/2023,18:59:00,101.07
6/10/2023,19:59:00,101.02
6/10/2023,20:59:00,101
6/10/2023,21:59:00,100.98
6/10/2023,22:59:00,100.94
6/10/2023,23:59:00,100.97
6/11/2023,0:59:00,100.99
6/11/2023,1:59:00,100.97
6/11/2023,2:59:00,101.12
6/11/2023,3:59:00,101.01
6/11/2023,4:59:00,101.1
6/11/2023,5:59:00,101.14
6/11/2023,6:59:00,101.03
6/11/2023,7:59:00,100.9
6/11/2023,8:59:00,100.79
6/11/2023,9:59:00,100.82
6/11/2023,10:59:00,100.84
6/11/2023,11:59:00,100.96
6/11/2023,12:59:00,101.04
6/11/2023,13:59:00,101.1
6/11/2023,14:59:00,101.16
6/11/2023,15:59:00,101.19
6/11/2023,16:59:00,101.22
6/11/2023,17:59:00,101.22
6/11/2023,18:59:00,101.16
6/11/2023,19:59:00,101.13
6/11/2023,20:59:00,101.07
6/11/2023,21:59:00,101.04
6/11/2023,22:59:00,100.97
6/11/2023,23:59:00,100.97
6/12/2023,0:59:00,101
6/12/2023,1:59:00,100.98
6/12/2023,2:59:00,101.02
6/12/2023,3:59:00,101.06
6/12/2023,4:59:00,101.06
6/12/2023,5:59:00,101.06
6/12/2023,6:59:00,101.11
6/12/2023,7:59:00,101.06
6/12/2023,8:59:00,100.99
6/12/2023,9:59:00,101.02
6/12/2023,10:59:00,101.11
6/12/2023,11:59:00,101.15
6/12/2023,12:59:00,101.16
6/12/2023,13:59:00,101.22
6/12/2023,14:59:00,101.22
6/12/2023,15:59:00,101.21
6/12/2023,16:59:00,101.23
6/12/2023,17:59:00,101.2
6/12/2023,18:59:00,101.16
6/12/2023,19:59:00,101.18
6/12/2023,20:59:00,101.09
6/12/2023,21:59:00,101.1
6/12/2023,22:59:00,101.01
6/12/2023,23:59:00,101.09
6/13/2023,0:59:00,101.09
6/13/2023,1:59:00,101.12
6/13/2023,2:59:00,101.17
6/13/2023,3:59:00,101.21
6/13/2023,4:59:00,101.21
6/13/2023,5:59:00,101.22
6/13/2023,6:59:00,101.13
6/13/2023,7:59:00,101.03
6/13/2023,8:59:00,101.09
6/13/2023,9:59:00,101.15
6/13/2023,10:59:00,101.17
6/13/2023,11:59:00,101.2
6/13/2023,12:59:00,101.21
6/13/2023,13:59:00,101.22
6/13/2023,14:59:00,101.26
6/13/2023,15:59:00,101.23
6/13/2023,16:59:00,101.28
6/13/2023,17:59:00,101.32
6/13/2023,18:59:00,101.29
6/13/2023,19:59:00,101.27
6/13/2023,20:59:00,101.16
6/13/2023,21:59:00,101.09
6/13/2023,22:59:00,101.06
6/13/2023,23:59:00,101.05
6/14/2023,0:59:00,101.03
6/14/2023,1:59:00,101.04
6/14/2023,2:59:00,101.02
6/14/2023,3:59:00,100.98
6/14/2023,4:59:00,100.89
6/14/2023,5:59:00,100.85
6/14/2023,6:59:00,100.83
6/14/2023,7:59:00,100.85
6/14/2023,8:59:00,100.85
6/14/2023,9:59:00,100.92
6/14/2023,10:59:00,101.01
6/14/2023,11:59:00,101.03
6/14/2023,12:59:00,101.03
6/14/2023,13:59:00,101.06
6/14/2023,14:59:00,101.05
6/14/2023,15:59:00,101.07
6/14/2023,16:59:00,101.04
6/14/2023,17:59:00,100.99
6/14/2023,18:59:00,100.94
6/14/2023,19:59:00,100.89
6/14/2023,20:59:00,100.83
6/14/2023,21:59:00,100.76
6/14/2023,22:59:00,100.71
6/14/2023,23:59:00,100.73
6/15/2023,0:59:00,100.76
6/15/2023,1:59:00,100.81
6/15/2023,2:59:00,100.83
6/15/2023,3:59:00,100.83
6/15/2023,4:59:00,100.82
6/15/2023,5:59:00,100.82
6/15/2023,6:59:00,100.79
6/15/2023,7:59:00,100.77
6/15/2023,8:59:00,100.78
6/15/2023,9:59:00,100.82
6/15/2023,10:59:00,100.85
6/15/2023,11:59:00,100.91
6/15/2023,12:59:00,100.97
6/15/2023,13:59:00,101
6/15/2023,14:59:00,101.03
6/15/2023,15:59:00,101.01
6/15/2023,16:59:00,101.01
6/15/2023,17:59:00,101.04
6/15/2023,18:59:00,101.03
6/15/2023,19:59:00,101
6/15/2023,20:59:00,100.99
6/15/2023,21:59:00,100.98
6/15/2023,22:59:00,100.92
6/15/2023,23:59:00,100.89
6/16/2023,0:59:00,100.92
6/16/2023,1:59:00,100.9
6/16/2023,2:59:00,101.02
6/16/2023,3:59:00,101.03
6/16/2023,4:59:00,101.03
6/16/2023,5:59:00,100.91
6/16/2023,6:59:00,100.92
6/16/2023,7:59:00,100.95
6/16/2023,20:59:00,101.14
6/16/2023,21:59:00,101.14
6/16/2023,22:59:00,101.1
6/16/2023,23:59:00,101.11
6/17/2023,0:59:00,101.08
6/17/2023,1:59:00,101.07
6/21/2023,17:59:00,100.94
6/21/2023,18:59:00,100.93
6/21/2023,19:59:00,100.87
6/21/2023,20:59:00,100.85
6/21/2023,21:59:00,100.8
6/21/2023,22:59:00,100.74
6/21/2023,23:59:00,100.78
6/22/2023,0:59:00,100.76
6/22/2023,1:59:00,100.82
6/22/2023,2:59:00,100.88
6/22/2023,3:59:00,100.87
6/22/2023,4:59:00,100.87
6/22/2023,5:59:00,100.84
6/22/2023,6:59:00,100.81
6/22/2023,7:59:00,100.85
6/22/2023,8:59:00,100.88
6/22/2023,9:59:00,100.86
6/22/2023,10:59:00,100.88
6/22/2023,11:59:00,100.9
6/22/2023,12:59:00,100.98
6/22/2023,14:59:00,101.09
6/22/2023,15:59:00,101.09
6/22/2023,16:59:00,101.11
6/22/2023,17:59:00,101.15
6/22/2023,18:59:00,101.05
6/22/2023,19:59:00,101.15
6/22/2023,20:59:00,101.1
6/22/2023,21:59:00,101.1
6/22/2023,22:59:00,101.03
6/22/2023,23:59:00,101.1
6/23/2023,0:59:00,101.09
6/23/2023,1:59:00,101.1
6/23/2023,2:59:00,101.18
6/23/2023,3:59:00,101.23
6/23/2023,4:59:00,101.21
6/23/2023,5:59:00,101.23
6/23/2023,6:59:00,101.15
6/23/2023,7:59:00,101.14
6/23/2023,8:59:00,101.18
6/23/2023,9:59:00,101.23
6/23/2023,10:59:00,101.27
6/23/2023,11:59:00,101.33
6/23/2023,12:59:00,101.38
6/23/2023,13:59:00,101.44
6/23/2023,14:59:00,101.48
6/23/2023,15:59:00,101.54
6/23/2023,16:59:00,101.54
6/23/2023,17:59:00,101.46
6/23/2023,18:59:00,101.42
6/23/2023,19:59:00,101.41
6/23/2023,20:59:00,101.36
6/23/2023,21:59:00,101.35
6/23/2023,22:59:00,101.33
6/23/2023,23:59:00,101.35
6/24/2023,0:59:00,101.37
6/24/2023,1:59:00,101.46
6/24/2023,2:59:00,101.47
6/24/2023,3:59:00,101.5
6/24/2023,4:59:00,101.46
6/24/2023,5:59:00,101.3
6/24/2023,6:59:00,101.29
6/24/2023,7:59:00,101.4
6/24/2023,8:59:00,101.38
6/24/2023,9:59:00,101.44
6/24/2023,10:59:00,101.5
6/24/2023,11:59:00,101.53
6/24/2023,12:59:00,101.61
6/24/2023,13:59:00,101.64
6/24/2023,14:59:00,101.56
6/24/2023,15:59:00,101.61
6/24/2023,16:59:00,101.61
6/24/2023,17:59:00,101.58
6/24/2023,18:59:00,101.54
6/24/2023,19:59:00,101.54
6/24/2023,20:59:00,101.46
6/24/2023,21:59:00,101.42
6/24/2023,22:59:00,101.45
6/24/2023,23:59:00,101.4
6/25/2023,0:59:00,101.44
6/25/2023,1:59:00,101.45
6/25/2023,2:59:00,101.46
6/25/2023,3:59:00,101.46
6/25/2023,4:59:00,101.44
6/25/2023,5:59:00,101.42
6/25/2023,6:59:00,101.38
6/25/2023,7:59:00,101.39
6/25/2023,8:59:00,101.39
6/25/2023,9:59:00,101.39
6/25/2023,10:59:00,101.43
6/25/2023,11:59:00,101.48
6/25/2023,12:59:00,101.56
6/25/2023,13:59:00,101.57
6/25/2023,14:59:00,101.57
6/25/2023,15:59:00,101.62
6/25/2023,16:59:00,101.63
6/25/2023,17:59:00,101.58
6/25/2023,18:59:00,101.5
6/25/2023,19:59:00,101.47
6/25/2023,20:59:00,101.44
6/25/2023,21:59:00,101.37
6/25/2023,22:59:00,101.3
6/25/2023,23:59:00,101.24
6/26/2023,0:59:00,101.24
6/26/2023,1:59:00,101.28
6/26/2023,2:59:00,101.32
6/26/2023,3:59:00,101.37
6/26/2023,4:59:00,101.36
6/26/2023,5:59:00,101.38
6/26/2023,6:59:00,101.41
6/26/2023,7:59:00,101.37
6/26/2023,8:59:00,101.34
6/26/2023,9:59:00,101.32
6/26/2023,10:59:00,101.37
6/26/2023,11:59:00,101.38
6/26/2023,12:59:00,101.47
6/26/2023,13:59:00,101.57
6/26/2023,14:59:00,101.63
6/26/2023,15:59:00,101.61
6/26/2023,16:59:00,101.62
6/26/2023,17:59:00,101.58
6/26/2023,18:59:00,101.51
6/26/2023,19:59:00,101.22
6/26/2023,20:59:00,101.26
6/26/2023,21:59:00,101.23
6/26/2023,22:59:00,101.24
6/26/2023,23:59:00,101.23
6/27/2023,0:59:00,101.24
6/27/2023,1:59:00,101.26
6/27/2023,2:59:00,101.29
6/27/2023,3:59:00,101.29
6/27/2023,4:59:00,101.28
6/27/2023,5:59:00,101.25
6/27/2023,6:59:00,101.2
6/27/2023,7:59:00,101.21
6/27/2023,8:59:00,101.23
6/27/2023,9:59:00,101.29
6/27/2023,10:59:00,101.35
6/27/2023,11:59:00,101.39
6/27/2023,12:59:00,101.43
6/27/2023,13:59:00,101.45
6/27/2023,14:59:00,101.47
6/27/2023,15:59:00,101.46
6/27/2023,16:59:00,101.42
6/27/2023,17:59:00,101.43
6/27/2023,18:59:00,101.4
6/27/2023,19:59:00,101.37
6/27/2023,20:59:00,101.35
6/27/2023,21:59:00,101.28
6/27/2023,22:59:00,101.15
6/27/2023,23:59:00,101.17
6/28/2023,0:59:00,101.29
6/28/2023,1:59:00,101.35
6/28/2023,2:59:00,101.34
6/28/2023,3:59:00,101.24
6/28/2023,4:59:00,101.23
6/28/2023,5:59:00,101.22
6/28/2023,6:59:00,101.24
6/28/2023,7:59:00,101.24
6/28/2023,8:59:00,101.29
6/28/2023,9:59:00,101.35
6/28/2023,10:59:00,101.41
6/28/2023,11:59:00,101.44
6/28/2023,12:59:00,101.48
6/28/2023,13:59:00,101.52
6/28/2023,14:59:00,101.51
6/28/2023,15:59:00,101.55
6/28/2023,17:59:00,101.51
6/28/2023,18:59:00,101.44
6/28/2023,19:59:00,101.38
6/28/2023,20:59:00,101.33
6/28/2023,21:59:00,101.3
6/28/2023,22:59:00,101.26
6/28/2023,23:59:00,101.28
6/29/2023,0:59:00,101.29
6/29/2023,1:59:00,101.32
6/29/2023,2:59:00,101.37
6/29/2023,3:59:00,101.4
6/29/2023,4:59:00,101.41
6/29/2023,5:59:00,101.37
6/29/2023,6:59:00,101.32
6/29/2023,7:59:00,101.3
6/29/2023,15:59:00,101.59
6/29/2023,16:59:00,101.57
6/29/2023,17:59:00,101.53
6/29/2023,18:59:00,101.49
6/29/2023,19:59:00,101.47
6/29/2023,20:59:00,101.42
6/29/2023,21:59:00,101.41
6/30/2023,16:59:00,101.59
6/30/2023,17:59:00,101.6
6/30/2023,19:59:00,101.53
6/30/2023,20:59:00,101.47
6/30/2023,21:59:00,101.44
6/30/2023,22:59:00,101.4
7/1/2023,18:59:00,101.49
7/1/2023,19:59:00,101.48
7/1/2023,20:59:00,101.42
7/5/2023,15:59:00,101.75
7/5/2023,16:59:00,101.74
7/5/2023,17:59:00,101.73
7/5/2023,18:59:00,101.66
7/5/2023,19:59:00,101.62
7/5/2023,20:59:00,101.54
7/5/2023,21:59:00,101.58
7/5/2023,22:59:00,101.61
7/5/2023,23:59:00,101.74
7/6/2023,0:59:00,101.71
7/6/2023,1:59:00,101.76
7/6/2023,2:59:00,101.8
7/6/2023,3:59:00,101.86
7/6/2023,5:59:00,101.74
7/6/2023,6:59:00,101.67
7/6/2023,7:59:00,101.62
7/6/2023,8:59:00,101.57
7/6/2023,9:59:00,101.57
7/6/2023,10:59:00,101.56
7/6/2023,11:59:00,101.55
7/6/2023,12:59:00,101.61
7/6/2023,13:59:00,101.68
7/6/2023,14:59:00,101.74
7/6/2023,15:59:00,101.73
7/6/2023,18:59:00,101.68
7/6/2023,19:59:00,101.61
7/6/2023,20:59:00,101.57
7/6/2023,21:59:00,101.47
7/6/2023,22:59:00,101.45
7/6/2023,23:59:00,101.46
7/7/2023,0:59:00,101.45
7/7/2023,1:59:00,101.47
7/7/2023,3:59:00,101.58
7/7/2023,4:59:00,101.64
7/7/2023,6:59:00,101.51
7/7/2023,8:59:00,101.43
7/7/2023,9:59:00,101.45
7/7/2023,10:59:00,101.43
7/7/2023,11:59:00,101.42
7/7/2023,12:59:00,101.47
7/7/2023,13:59:00,101.54
7/7/2023,14:59:00,101.59
7/7/2023,15:59:00,101.62
7/7/2023,16:59:00,101.61
7/7/2023,17:59:00,101.58
7/7/2023,18:59:00,101.52
7/7/2023,19:59:00,101.47
7/7/2023,20:59:00,101.42
7/7/2023,21:59:00,101.37
7/7/2023,22:59:00,101.31
7/7/2023,23:59:00,101.29
7/8/2023,0:59:00,101.38
7/8/2023,1:59:00,101.37
7/8/2023,2:59:00,101.36
7/8/2023,3:59:00,101.34
7/8/2023,4:59:00,101.36
7/8/2023,5:59:00,101.37
7/8/2023,6:59:00,101.38
7/8/2023,7:59:00,101.41
7/8/2023,8:59:00,101.39
7/8/2023,9:59:00,101.39
7/8/2023,10:59:00,101.4
7/8/2023,11:59:00,101.47
7/8/2023,12:59:00,101.49
7/8/2023,13:59:00,101.51
7/8/2023,14:59:00,101.52
7/8/2023,15:59:00,101.57
7/8/2023,16:59:00,101.58
7/8/2023,17:59:00,101.54
7/8/2023,18:59:00,101.48
7/8/2023,19:59:00,101.41
7/8/2023,20:59:00,101.36
7/8/2023,21:59:00,101.27
7/8/2023,22:59:00,101.22
7/8/2023,23:59:00,101.23
7/9/2023,0:59:00,101.24
7/9/2023,1:59:00,101.28
7/9/2023,2:59:00,101.32
7/9/2023,3:59:00,101.36
7/9/2023,4:59:00,101.35
7/9/2023,5:59:00,101.35
7/9/2023,6:59:00,101.35
7/9/2023,7:59:00,101.27
7/9/2023,8:59:00,101.25
7/9/2023,9:59:00,101.24
7/9/2023,10:59:00,101.28
7/9/2023,11:59:00,101.31
7/9/2023,12:59:00,101.39
7/9/2023,13:59:00,101.43
7/9/2023,14:59:00,101.4
7/9/2023,15:59:00,101.39
7/9/2023,16:59:00,101.42
7/9/2023,17:59:00,101.41
7/9/2023,18:59:00,101.36
7/9/2023,19:59:00,101.31
7/9/2023,20:59:00,101.31
7/9/2023,21:59:00,101.3
7/9/2023,22:59:00,101.25
7/9/2023,23:59:00,101.24
7/10/2023,0:59:00,101.26
7/10/2023,1:59:00,101.31
7/10/2023,2:59:00,101.33
7/10/2023,3:59:00,101.37
7/10/2023,4:59:00,101.32
7/10/2023,5:59:00,101.29
7/10/2023,6:59:00,101.26
7/10/2023,7:59:00,101.3
7/10/2023,8:59:00,101.31
7/10/2023,9:59:00,101.3
7/10/2023,10:59:00,101.34
7/10/2023,11:59:00,101.39
7/10/2023,12:59:00,101.44
7/10/2023,13:59:00,101.48
7/10/2023,14:59:00,101.47
7/10/2023,15:59:00,101.44
7/10/2023,16:59:00,101.48
7/10/2023,17:59:00,101.52
7/10/2023,18:59:00,101.43
7/10/2023,19:59:00,101.41
7/10/2023,20:59:00,101.52
7/10/2023,21:59:00,101.41
7/10/2023,22:59:00,101.38
7/10/2023,23:59:00,101.42
7/11/2023,0:59:00,101.45
7/11/2023,1:59:00,101.46
7/11/2023,2:59:00,101.46
7/11/2023,3:59:00,101.49
7/11/2023,4:59:00,101.48
7/11/2023,5:59:00,101.46
7/11/2023,6:59:00,101.44
7/11/2023,7:59:00,101.45
7/11/2023,8:59:00,101.45
7/11/2023,9:59:00,101.43
7/11/2023,10:59:00,101.44
7/11/2023,11:59:00,101.5
7/11/2023,12:59:00,101.56
7/11/2023,13:59:00,101.59
7/11/2023,14:59:00,101.58
7/11/2023,15:59:00,101.63
7/11/2023,16:59:00,101.62
7/11/2023,17:59:00,101.58
7/11/2023,18:59:00,101.54
7/11/2023,19:59:00,101.45
7/11/2023,20:59:00,101.46
7/11/2023,21:59:00,101.43
7/11/2023,22:59:00,101.49
7/11/2023,23:59:00,101.44
7/12/2023,0:59:00,101.42
7/12/2023,1:59:00,101.45
7/12/2023,2:59:00,101.5
7/12/2023,3:59:00,101.51
7/12/2023,4:59:00,101.49
7/12/2023,5:59:00,101.49
7/12/2023,6:59:00,101.45
7/12/2023,7:59:00,101.41
7/12/2023,8:59:00,101.4
7/12/2023,9:59:00,101.39
7/12/2023,10:59:00,101.43
7/12/2023,11:59:00,101.48
7/12/2023,12:59:00,101.57
7/12/2023,13:59:00,101.62
7/12/2023,14:59:00,101.6
7/12/2023,15:59:00,101.63
7/12/2023,16:59:00,101.62
7/12/2023,17:59:00,101.57
7/12/2023,18:59:00,101.51
7/12/2023,19:59:00,101.44
7/12/2023,20:59:00,101.41
7/12/2023,21:59:00,101.38
7/12/2023,23:59:00,101.37
7/13/2023,0:59:00,101.39
7/13/2023,1:59:00,101.4
7/13/2023,2:59:00,101.41
7/13/2023,3:59:00,101.42
7/13/2023,4:59:00,101.43
7/13/2023,5:59:00,101.36
7/13/2023,6:59:00,101.32
7/13/2023,7:59:00,101.27
7/13/2023,8:59:00,101.26
7/13/2023,9:59:00,101.33
7/13/2023,10:59:00,101.37
7/13/2023,11:59:00,101.39
7/13/2023,12:59:00,101.44
7/13/2023,13:59:00,101.47
7/13/2023,14:59:00,101.48
7/13/2023,15:59:00,101.47
7/13/2023,16:59:00,101.49
7/13/2023,17:59:00,101.47
7/13/2023,18:59:00,101.42
7/13/2023,19:59:00,101.36
7/13/2023,20:59:00,101.33
7/13/2023,21:59:00,101.28
7/13/2023,22:59:00,101.27
7/13/2023,23:59:00,101.29
7/14/2023,0:59:00,101.28
7/14/2023,1:59:00,101.24
7/14/2023,2:59:00,101.29
7/14/2023,3:59:00,101.33
7/14/2023,4:59:00,101.38
7/14/2023,5:59:00,101.37
7/14/2023,6:59:00,101.33
7/14/2023,7:59:00,101.31
7/14/2023,8:59:00,101.29
7/14/2023,9:59:00,101.28
7/14/2023,10:59:00,101.32
7/14/2023,11:59:00,101.36
7/14/2023,12:59:00,101.49
7/14/2023,13:59:00,101.53
7/14/2023,14:59:00,101.51
7/14/2023,15:59:00,101.53
7/14/2023,16:59:00,101.53
7/14/2023,17:59:00,101.54
7/14/2023,18:59:00,101.51
7/14/2023,19:59:00,101.43
7/14/2023,21:59:00,101.34
7/14/2023,22:59:00,101.3
7/14/2023,23:59:00,101.28
7/15/2023,0:59:00,101.32
7/15/2023,1:59:00,101.34
7/15/2023,2:59:00,101.34
7/15/2023,3:59:00,101.35
7/15/2023,4:59:00,101.38
7/15/2023,5:59:00,101.37
7/15/2023,6:59:00,101.38
7/15/2023,7:59:00,101.31
7/15/2023,8:59:00,101.3
7/15/2023,9:59:00,101.36
7/15/2023,10:59:00,101.39
7/15/2023,11:59:00,101.45
7/15/2023,12:59:00,101.53
7/15/2023,13:59:00,101.55
7/15/2023,14:59:00,101.58
7/15/2023,15:59:00,101.59
7/15/2023,18:59:00,101.57
7/15/2023,19:59:00,101.52
7/15/2023,21:59:00,101.44
7/15/2023,22:59:00,101.39
7/15/2023,23:59:00,101.36
7/16/2023,0:59:00,101.39
7/16/2023,1:59:00,101.46
7/16/2023,2:59:00,101.54
7/16/2023,3:59:00,101.56
7/16/2023,4:59:00,101.55
7/16/2023,5:59:00,101.54
7/16/2023,6:59:00,101.5
7/16/2023,7:59:00,101.47
7/16/2023,8:59:00,101.44
7/16/2023,9:59:00,101.45
7/16/2023,10:59:00,101.48
7/16/2023,11:59:00,101.58
7/16/2023,12:59:00,101.65
7/16/2023,13:59:00,101.7
7/16/2023,14:59:00,101.72
7/16/2023,15:59:00,101.76
7/16/2023,16:59:00,101.72
7/16/2023,17:59:00,101.64
7/16/2023,18:59:00,101.56
7/16/2023,19:59:00,101.53
7/16/2023,20:59:00,101.45
7/16/2023,21:59:00,101.55
7/16/2023,22:59:00,101.54
7/16/2023,23:59:00,101.65
7/17/2023,0:59:00,101.66
7/17/2023,1:59:00,101.81
7/17/2023,2:59:00,101.95
7/17/2023,3:59:00,101.88
7/17/2023,4:59:00,101.6
7/17/2023,5:59:00,101.6
7/17/2023,6:59:00,101.59
7/17/2023,7:59:00,101.57
7/17/2023,8:59:00,101.53
7/17/2023,9:59:00,101.51
7/17/2023,10:59:00,101.57
7/17/2023,11:59:00,101.6
7/17/2023,12:59:00,101.68
7/17/2023,13:59:00,101.76
7/17/2023,14:59:00,101.79
7/17/2023,15:59:00,101.79
7/17/2023,16:59:00,101.8
7/17/2023,17:59:00,101.77
7/17/2023,18:59:00,101.72
7/17/2023,19:59:00,101.65
7/17/2023,20:59:00,101.58
7/17/2023,21:59:00,101.59
7/17/2023,22:59:00,101.59
7/17/2023,23:59:00,101.56
7/18/2023,0:59:00,101.65
7/18/2023,1:59:00,101.59
7/18/2023,2:59:00,101.71
7/18/2023,3:59:00,101.73
7/18/2023,5:59:00,101.68
7/18/2023,6:59:00,101.66
7/18/2023,7:59:00,101.58
7/18/2023,8:59:00,101.59
7/18/2023,9:59:00,101.59
7/18/2023,10:59:00,101.68
7/18/2023,11:59:00,101.74
7/18/2023,12:59:00,101.8
7/18/2023,13:59:00,101.82
7/18/2023,14:59:00,101.86
7/18/2023,15:59:00,101.85
7/18/2023,16:59:00,101.87
7/18/2023,17:59:00,101.85
7/18/2023,18:59:00,101.76
7/18/2023,19:59:00,101.75
7/18/2023,20:59:00,101.72
7/18/2023,21:59:00,101.69
7/18/2023,22:59:00,101.63
7/18/2023,23:59:00,101.62
7/19/2023,0:59:00,101.67
7/19/2023,1:59:00,101.71
7/19/2023,2:59:00,101.81
7/19/2023,3:59:00,101.82
7/19/2023,4:59:00,101.87
7/19/2023,5:59:00,101.86
7/19/2023,6:59:00,101.84
7/19/2023,7:59:00,101.81
7/19/2023,8:59:00,101.76
7/19/2023,9:59:00,101.75
7/19/2023,10:59:00,101.82
7/19/2023,11:59:00,101.87
7/19/2023,12:59:00,101.92
7/19/2023,13:59:00,101.96
7/19/2023,14:59:00,101.95
7/19/2023,15:59:00,101.95
7/19/2023,16:59:00,101.94
7/19/2023,17:59:00,101.92
7/19/2023,18:59:00,101.91
7/19/2023,19:59:00,101.89
7/19/2023,20:59:00,101.85
7/19/2023,21:59:00,101.83
7/19/2023,22:59:00,101.79
7/19/2023,23:59:00,101.76
7/20/2023,0:59:00,101.82
7/20/2023,1:59:00,101.84
7/20/2023,2:59:00,101.86
7/20/2023,3:59:00,101.88
7/20/2023,4:59:00,101.9
7/20/2023,5:59:00,101.88
7/20/2023,6:59:00,101.83
7/20/2023,7:59:00,101.79
7/20/2023,8:59:00,101.8
7/20/2023,10:59:00,101.84
7/20/2023,11:59:00,101.86
7/20/2023,12:59:00,101.88
7/20/2023,13:59:00,101.87
7/20/2023,14:59:00,101.87
7/20/2023,15:59:00,101.88
7/20/2023,16:59:00,101.88
7/20/2023,17:59:00,101.85
7/20/2023,18:59:00,101.82
7/20/2023,19:59:00,101.76
7/20/2023,20:59:00,101.74
7/20/2023,21:59:00,101.67
7/20/2023,22:59:00,101.64
7/20/2023,23:59:00,101.62
7/21/2023,0:59:00,101.61
7/21/2023,1:59:00,101.65
7/21/2023,2:59:00,101.69
7/21/2023,3:59:00,101.67
7/21/2023,4:59:00,101.63
7/21/2023,5:59:00,101.59
7/21/2023,6:59:00,101.54
7/21/2023,7:59:00,101.5
7/21/2023,8:59:00,101.46
7/21/2023,9:59:00,101.52
7/21/2023,10:59:00,101.54
7/21/2023,11:59:00,101.59
7/21/2023,12:59:00,101.63
7/21/2023,13:59:00,101.7
7/21/2023,14:59:00,101.66
7/21/2023,15:59:00,101.65
7/21/2023,16:59:00,101.62
7/21/2023,17:59:00,101.61
7/21/2023,18:59:00,101.54
7/21/2023,19:59:00,101.46
7/21/2023,20:59:00,101.41
7/21/2023,21:59:00,101.34
7/21/2023,22:59:00,101.29
7/21/2023,23:59:00,101.28
7/22/2023,0:59:00,101.29
7/22/2023,1:59:00,101.32
7/22/2023,2:59:00,101.35
7/22/2023,3:59:00,101.36
7/22/2023,4:59:00,101.36
7/22/2023,5:59:00,101.35
7/22/2023,6:59:00,101.31
7/22/2023,7:59:00,101.29
7/22/2023,8:59:00,101.27
7/22/2023,10:59:00,101.29
7/22/2023,11:59:00,101.33
7/22/2023,12:59:00,101.38
7/22/2023,13:59:00,101.42
7/22/2023,14:59:00,101.42
7/22/2023,15:59:00,101.46
7/22/2023,16:59:00,101.45
7/22/2023,17:59:00,101.4
7/22/2023,18:59:00,101.31
7/22/2023,19:59:00,101.21
7/22/2023,20:59:00,101.17
7/22/2023,21:59:00,101.09
7/22/2023,22:59:00,101.11
7/22/2023,23:59:00,101.21
7/23/2023,0:59:00,101.37
7/23/2023,1:59:00,101.3
7/23/2023,2:59:00,101.28
7/23/2023,3:59:00,101.33
7/23/2023,4:59:00,101.36
7/23/2023,5:59:00,101.32
7/23/2023,6:59:00,101.3
7/23/2023,7:59:00,101.29
7/23/2023,8:59:00,101.32
7/23/2023,9:59:00,101.37
7/23/2023,10:59:00,101.42
7/23/2023,11:59:00,101.49
7/23/2023,12:59:00,101.53
7/23/2023,13:59:00,101.52
7/23/2023,14:59:00,101.49
7/23/2023,15:59:00,101.49
7/23/2023,16:59:00,101.48
7/23/2023,17:59:00,101.46
7/23/2023,18:59:00,101.45
7/23/2023,19:59:00,101.41
7/23/2023,20:59:00,101.39
7/23/2023,21:59:00,101.44
7/23/2023,22:59:00,101.41
7/23/2023,23:59:00,101.44
7/24/2023,0:59:00,101.51
7/24/2023,1:59:00,101.6
7/24/2023,2:59:00,101.65
7/24/2023,3:59:00,101.64
7/24/2023,4:59:00,101.63
7/24/2023,5:59:00,101.64
7/24/2023,6:59:00,101.62
7/24/2023,7:59:00,101.58
7/24/2023,8:59:00,101.59
7/24/2023,9:59:00,101.65
7/24/2023,10:59:00,101.71
7/24/2023,11:59:00,101.77
7/24/2023,12:59:00,101.83
7/24/2023,13:59:00,101.87
7/24/2023,14:59:00,101.9
7/24/2023,15:59:00,101.9
7/24/2023,16:59:00,101.91
7/24/2023,17:59:00,101.95
7/24/2023,18:59:00,101.94
7/24/2023,19:59:00,101.88
7/24/2023,20:59:00,101.84
7/24/2023,22:59:00,101.84
7/24/2023,23:59:00,101.84
7/25/2023,0:59:00,101.89
7/25/2023,1:59:00,101.92
7/25/2023,2:59:00,101.94
7/25/2023,3:59:00,101.93
7/25/2023,4:59:00,101.91
7/25/2023,5:59:00,101.88
7/25/2023,6:59:00,101.83
7/25/2023,7:59:00,101.8
7/25/2023,8:59:00,101.81
7/25/2023,9:59:00,101.85
7/25/2023,10:59:00,101.93
7/25/2023,11:59:00,102.02
7/25/2023,12:59:00,102.08
7/25/2023,13:59:00,102.1
7/25/2023,14:59:00,102.13
7/25/2023,15:59:00,102.14
7/25/2023,16:59:00,102.11
7/25/2023,17:59:00,102.1
7/25/2023,18:59:00,102.03
7/25/2023,19:59:00,101.98
7/25/2023,20:59:00,101.95
7/25/2023,21:59:00,101.89
7/25/2023,22:59:00,101.85
7/25/2023,23:59:00,101.81
7/26/2023,0:59:00,101.8
7/26/2023,1:59:00,101.82
7/26/2023,2:59:00,101.87
7/26/2023,3:59:00,101.88
7/26/2023,4:59:00,101.89
7/26/2023,5:59:00,101.88
7/26/2023,6:59:00,101.83
7/26/2023,7:59:00,101.81
7/26/2023,8:59:00,101.8
7/26/2023,9:59:00,101.84
7/26/2023,10:59:00,101.87
7/26/2023,11:59:00,101.92
7/26/2023,12:59:00,101.96
7/26/2023,13:59:00,101.98
7/26/2023,14:59:00,101.99
7/26/2023,15:59:00,101.99
7/26/2023,16:59:00,101.96
7/26/2023,17:59:00,101.89
7/26/2023,18:59:00,101.83
7/26/2023,19:59:00,101.77
7/26/2023,20:59:00,101.74
7/26/2023,21:59:00,101.67
7/26/2023,22:59:00,101.61
7/26/2023,23:59:00,101.65
7/27/2023,0:59:00,101.67
7/27/2023,1:59:00,101.7
7/27/2023,2:59:00,101.73
7/27/2023,3:59:00,101.74
7/27/2023,7:59:00,101.61
7/27/2023,8:59:00,101.6
7/27/2023,9:59:00,101.63
7/27/2023,10:59:00,101.7
7/27/2023,11:59:00,101.78
7/27/2023,12:59:00,101.84
7/27/2023,13:59:00,101.88
7/27/2023,14:59:00,101.89
7/27/2023,15:59:00,101.89
7/27/2023,16:59:00,101.89
7/27/2023,17:59:00,101.84
7/27/2023,18:59:00,101.8
7/27/2023,19:59:00,101.77
7/27/2023,20:59:00,101.71
7/27/2023,21:59:00,101.66
7/27/2023,22:59:00,101.63
7/27/2023,23:59:00,101.65
7/28/2023,0:59:00,101.67
7/28/2023,1:59:00,101.74
7/28/2023,2:59:00,101.74
7/28/2023,3:59:00,101.77
7/28/2023,4:59:00,101.77
7/28/2023,5:59:00,101.75
7/28/2023,6:59:00,101.71
7/28/2023,7:59:00,101.69
7/28/2023,8:59:00,101.68
7/28/2023,9:59:00,101.73
7/28/2023,10:59:00,101.76
7/28/2023,11:59:00,101.81
7/28/2023,12:59:00,101.88
7/28/2023,13:59:00,101.91
7/28/2023,14:59:00,101.92
7/28/2023,15:59:00,101.9
7/28/2023,16:59:00,101.89
7/28/2023,17:59:00,101.87
7/28/2023,18:59:00,101.85
7/28/2023,19:59:00,101.79
7/28/2023,20:59:00,101.76
7/28/2023,21:59:00,101.72
7/28/2023,22:59:00,101.71
7/28/2023,23:59:00,101.76
7/29/2023,0:59:00,101.8
7/29/2023,1:59:00,101.88
7/29/2023,2:59:00,101.9
7/29/2023,3:59:00,101.88
7/29/2023,4:59:00,101.87
7/29/2023,5:59:00,101.82
7/29/2023,6:59:00,101.74
7/29/2023,7:59:00,101.7
7/29/2023,8:59:00,101.77
7/29/2023,9:59:00,101.83
7/29/2023,10:59:00,101.89
7/29/2023,11:59:00,101.97
7/29/2023,12:59:00,102.02
7/29/2023,13:59:00,102.04
7/29/2023,14:59:00,102
7/29/2023,15:59:00,102.01
7/29/2023,16:59:00,101.96
7/29/2023,17:59:00,101.92
7/29/2023,18:59:00,101.87
7/29/2023,19:59:00,101.87
7/29/2023,20:59:00,101.83
7/29/2023,21:59:00,101.81
7/29/2023,22:59:00,101.74
7/29/2023,23:59:00,101.77
7/30/2023,0:59:00,101.8
7/30/2023,1:59:00,101.77
7/30/2023,2:59:00,101.72
7/30/2023,3:59:00,101.76
7/30/2023,4:59:00,101.78
7/30/2023,5:59:00,101.81
7/30/2023,6:59:00,101.75
7/30/2023,7:59:00,101.72
7/30/2023,8:59:00,101.7
7/30/2023,9:59:00,101.72
7/30/2023,10:59:00,101.75
7/30/2023,11:59:00,101.8
7/30/2023,12:59:00,101.82
7/30/2023,13:59:00,101.87
7/30/2023,14:59:00,101.91
7/30/2023,15:59:00,101.9
7/30/2023,16:59:00,101.88
7/30/2023,17:59:00,101.84
7/30/2023,18:59:00,101.77
7/30/2023,19:59:00,101.69
7/30/2023,20:59:00,101.61
7/30/2023,21:59:00,101.56
7/30/2023,22:59:00,101.52
7/30/2023,23:59:00,101.52
7/31/2023,0:59:00,101.58
7/31/2023,1:59:00,101.55
7/31/2023,2:59:00,101.58
7/31/2023,3:59:00,101.57
7/31/2023,4:59:00,101.57
7/31/2023,5:59:00,101.56
7/31/2023,6:59:00,101.54
7/31/2023,7:59:00,101.54
7/31/2023,8:59:00,101.58
7/31/2023,9:59:00,101.58
7/31/2023,10:59:00,101.61
7/31/2023,11:59:00,101.63
7/31/2023,12:59:00,101.67
7/31/2023,13:59:00,101.75
7/31/2023,14:59:00,101.77
7/31/2023,15:59:00,101.74
7/31/2023,16:59:00,101.73
7/31/2023,17:59:00,101.68
7/31/2023,18:59:00,101.61
7/31/2023,19:59:00,101.52
7/31/2023,20:59:00,101.45
7/31/2023,21:59:00,101.35
7/31/2023,22:59:00,101.33
7/31/2023,23:59:00,101.33
8/1/2023,0:59:00,101.51
8/1/2023,1:59:00,101.42
8/1/2023,2:59:00,101.51
8/1/2023,3:59:00,101.59
8/1/2023,4:59:00,101.6
8/1/2023,5:59:00,101.55
8/1/2023,6:59:00,101.52
8/1/2023,7:59:00,101.55
8/1/2023,8:59:00,101.54
8/1/2023,9:59:00,101.53
8/1/2023,10:59:00,101.56
8/1/2023,11:59:00,101.63
8/1/2023,12:59:00,101.66
8/1/2023,13:59:00,101.73
8/1/2023,14:59:00,101.75
8/1/2023,15:59:00,101.74
8/1/2023,16:59:00,101.73
8/1/2023,17:59:00,101.71
8/1/2023,18:59:00,101.68
8/1/2023,19:59:00,101.65
8/1/2023,20:59:00,101.58
8/1/2023,21:59:00,101.54
8/1/2023,22:59:00,101.53
8/1/2023,23:59:00,101.55
8/2/2023,0:59:00,101.56
8/2/2023,1:59:00,101.58
8/2/2023,2:59:00,101.65
8/2/2023,3:59:00,101.66
8/2/2023,4:59:00,101.66
8/2/2023,5:59:00,101.65
8/2/2023,6:59:00,101.65
8/2/2023,7:59:00,101.62
8/2/2023,8:59:00,101.6
8/2/2023,9:59:00,101.62
8/2/2023,10:59:00,101.64
8/2/2023,11:59:00,101.66
8/2/2023,12:59:00,101.7
8/2/2023,13:59:00,101.77
8/2/2023,14:59:00,101.82
8/2/2023,15:59:00,101.84
8/2/2023,16:59:00,101.8
8/2/2023,17:59:00,101.77
8/2/2023,18:59:00,101.7
8/2/2023,19:59:00,101.66
8/2/2023,20:59:00,101.62
8/2/2023,21:59:00,101.62
8/2/2023,22:59:00,101.67
8/2/2023,23:59:00,101.62
8/3/2023,0:59:00,101.6
8/3/2023,1:59:00,101.59
8/3/2023,2:59:00,101.61
8/3/2023,3:59:00,101.67
8/3/2023,4:59:00,101.63
8/3/2023,5:59:00,101.6
8/3/2023,6:59:00,101.57
8/3/2023,7:59:00,101.58
8/3/2023,8:59:00,101.57
8/3/2023,9:59:00,101.61
8/3/2023,10:59:00,101.62
8/3/2023,11:59:00,101.67
8/3/2023,12:59:00,101.69
8/3/2023,13:59:00,101.69
8/3/2023,15:59:00,101.73
8/3/2023,16:59:00,101.7
8/3/2023,17:59:00,101.65
8/3/2023,18:59:00,101.63
8/3/2023,19:59:00,101.57
8/3/2023,20:59:00,101.53
8/3/2023,21:59:00,101.47
8/3/2023,22:59:00,101.44
8/3/2023,23:59:00,101.45
8/4/2023,0:59:00,101.46
8/4/2023,1:59:00,101.48
8/4/2023,2:59:00,101.51
8/4/2023,3:59:00,101.52
8/4/2023,4:59:00,101.53
8/4/2023,5:59:00,101.5
8/4/2023,6:59:00,101.47
8/4/2023,7:59:00,101.46
8/4/2023,8:59:00,101.45
8/4/2023,9:59:00,101.44
8/4/2023,10:59:00,101.42
8/4/2023,11:59:00,101.42
8/4/2023,12:59:00,101.43
8/4/2023,13:59:00,101.49
8/4/2023,14:59:00,101.53
8/4/2023,15:59:00,101.58
8/4/2023,16:59:00,101.58
8/4/2023,17:59:00,101.54
8/4/2023,18:59:00,101.46
8/4/2023,19:59:00,101.39
8/4/2023,20:59:00,101.34
8/4/2023,21:59:00,101.3
8/4/2023,22:59:00,101.31
8/4/2023,23:59:00,101.31
8/5/2023,0:59:00,101.34
8/5/2023,1:59:00,101.35
8/5/2023,2:59:00,101.39
8/5/2023,3:59:00,101.43
8/5/2023,4:59:00,101.46
8/5/2023,5:59:00,101.44
8/5/2023,6:59:00,101.41
8/5/2023,7:59:00,101.41
8/5/2023,8:59:00,101.43
8/5/2023,9:59:00,101.44
8/5/2023,10:59:00,101.47
8/5/2023,11:59:00,101.5
8/5/2023,12:59:00,101.56
8/5/2023,13:59:00,101.57
8/5/2023,14:59:00,101.59
8/5/2023,15:59:00,101.58
8/5/2023,16:59:00,101.58
8/5/2023,17:59:00,101.58
8/5/2023,18:59:00,101.55
8/5/2023,19:59:00,101.55
8/5/2023,20:59:00,101.48
8/5/2023,21:59:00,101.41
8/5/2023,22:59:00,101.38
8/5/2023,23:59:00,101.38
8/6/2023,0:59:00,101.43
8/6/2023,1:59:00,101.48
8/6/2023,2:59:00,101.51
8/6/2023,3:59:00,101.51
8/6/2023,4:59:00,101.51
8/6/2023,5:59:00,101.47
8/6/2023,6:59:00,101.47
8/6/2023,7:59:00,101.45
8/6/2023,8:59:00,101.45
8/6/2023,9:59:00,101.42
8/6/2023,10:59:00,101.46
8/6/2023,11:59:00,101.56
8/6/2023,12:59:00,101.66
8/6/2023,13:59:00,101.71
8/6/2023,14:59:00,101.72
8/6/2023,15:59:00,101.77
8/6/2023,16:59:00,101.76
8/6/2023,17:59:00,101.68
8/6/2023,18:59:00,101.64
8/6/2023,19:59:00,101.58
8/6/2023,20:59:00,101.52
8/6/2023,21:59:00,101.48
8/6/2023,22:59:00,101.46
8/6/2023,23:59:00,101.43
8/7/2023,0:59:00,101.45
8/7/2023,1:59:00,101.5
8/7/2023,2:59:00,101.51
8/7/2023,3:59:00,101.54
8/7/2023,4:59:00,101.57
8/7/2023,5:59:00,101.57
8/7/2023,6:59:00,101.54
8/7/2023,7:59:00,101.52
8/7/2023,8:59:00,101.54
8/7/2023,9:59:00,101.56
8/7/2023,10:59:00,101.59
8/7/2023,11:59:00,101.62
8/7/2023,12:59:00,101.66
8/7/2023,13:59:00,101.73
8/7/2023,14:59:00,101.8
8/7/2023,15:59:00,101.83
8/7/2023,16:59:00,101.84
8/7/2023,17:59:00,101.8
8/7/2023,18:59:00,101.72
8/7/2023,19:59:00,101.67
8/7/2023,20:59:00,101.62
8/7/2023,21:59:00,101.59
8/7/2023,22:59:00,101.54
8/7/2023,23:59:00,101.53
8/8/2023,0:59:00,101.51
8/8/2023,1:59:00,101.49
8/8/2023,2:59:00,101.49
8/8/2023,3:59:00,101.5
8/8/2023,4:59:00,101.51
8/8/2023,5:59:00,101.53
8/8/2023,6:59:00,101.55
8/8/2023,7:59:00,101.57
8/8/2023,8:59:00,101.59
8/8/2023,9:59:00,101.5
8/8/2023,10:59:00,101.57
8/8/2023,11:59:00,101.61
8/8/2023,12:59:00,101.65
8/8/2023,13:59:00,101.65
8/8/2023,14:59:00,101.67
8/8/2023,15:59:00,101.73
8/8/2023,16:59:00,101.73
8/8/2023,17:59:00,101.71
8/8/2023,18:59:00,101.64
8/8/2023,19:59:00,101.57
8/8/2023,20:59:00,101.5
8/8/2023,21:59:00,101.4
8/8/2023,22:59:00,101.35
8/8/2023,23:59:00,101.37
8/9/2023,0:59:00,101.38
8/9/2023,1:59:00,101.38
8/9/2023,2:59:00,101.35
8/9/2023,3:59:00,101.39
8/9/2023,4:59:00,101.38
8/9/2023,5:59:00,101.36
8/9/2023,6:59:00,101.33
8/9/2023,7:59:00,101.35
8/9/2023,8:59:00,101.35
8/9/2023,9:59:00,101.39
8/9/2023,10:59:00,101.45
8/9/2023,11:59:00,101.48
8/9/2023,12:59:00,101.47
8/9/2023,13:59:00,101.47
8/9/2023,14:59:00,101.46
8/9/2023,15:59:00,101.47
8/9/2023,16:59:00,101.43
8/9/2023,17:59:00,101.41
8/9/2023,18:59:00,101.37
8/9/2023,19:59:00,101.31
8/9/2023,20:59:00,101.25
8/9/2023,21:59:00,101.21
8/9/2023,22:59:00,101.18
8/9/2023,23:59:00,101.2
8/10/2023,0:59:00,101.22
8/10/2023,1:59:00,101.23
8/10/2023,2:59:00,101.21
8/10/2023,3:59:00,101.23
8/10/2023,4:59:00,101.21
8/10/2023,5:59:00,101.22
8/10/2023,6:59:00,101.21
8/10/2023,7:59:00,101.15
8/10/2023,8:59:00,101.13
8/10/2023,9:59:00,101.14
8/10/2023,10:59:00,101.15
8/10/2023,11:59:00,101.22
8/10/2023,12:59:00,101.26
8/10/2023,13:59:00,101.33
8/10/2023,14:59:00,101.36
8/10/2023,15:59:00,101.39
8/10/2023,16:59:00,101.36
8/10/2023,17:59:00,101.32
8/10/2023,18:59:00,101.29
8/10/2023,20:59:00,101.18
8/10/2023,21:59:00,101.16
8/10/2023,22:59:00,101.15
8/10/2023,23:59:00,101.15
8/11/2023,0:59:00,101.14
8/11/2023,1:59:00,101.16
8/11/2023,2:59:00,101.18
8/11/2023,3:59:00,101.2
8/11/2023,4:59:00,101.2
8/11/2023,5:59:00,101.2
8/11/2023,6:59:00,101.2
8/11/2023,7:59:00,101.2
8/11/2023,8:59:00,101.22
8/11/2023,9:59:00,101.25
8/11/2023,10:59:00,101.31
8/11/2023,11:59:00,101.35
8/11/2023,12:59:00,101.4
8/11/2023,13:59:00,101.43
8/11/2023,14:59:00,101.46
8/11/2023,15:59:00,101.51
8/11/2023,16:59:00,101.51
8/11/2023,17:59:00,101.48
8/11/2023,18:59:00,101.42
8/11/2023,19:59:00,101.36
8/11/2023,20:59:00,101.33
8/11/2023,21:59:00,101.33
8/11/2023,22:59:00,101.29
8/11/2023,23:59:00,101.29
8/12/2023,0:59:00,101.3
8/12/2023,1:59:00,101.35
8/12/2023,2:59:00,101.41
8/12/2023,3:59:00,101.4
8/12/2023,4:59:00,101.42
8/12/2023,5:59:00,101.41
8/12/2023,6:59:00,101.37
8/12/2023,7:59:00,101.41
8/12/2023,8:59:00,101.41
8/12/2023,9:59:00,101.45
8/12/2023,10:59:00,101.45
8/12/2023,11:59:00,101.49
8/12/2023,12:59:00,101.52
8/12/2023,13:59:00,101.56
8/12/2023,14:59:00,101.63
8/12/2023,15:59:00,101.65
8/12/2023,16:59:00,101.65
8/12/2023,17:59:00,101.6
8/12/2023,18:59:00,101.55
8/12/2023,19:59:00,101.55
8/12/2023,20:59:00,101.46
8/12/2023,21:59:00,101.43
8/12/2023,22:59:00,101.37
8/12/2023,23:59:00,101.34
8/13/2023,0:59:00,101.38
8/13/2023,1:59:00,101.4
8/13/2023,2:59:00,101.46
8/13/2023,3:59:00,101.48
8/13/2023,4:59:00,101.48
8/13/2023,5:59:00,101.43
8/13/2023,6:59:00,101.43
8/13/2023,7:59:00,101.47
8/13/2023,8:59:00,101.47
8/13/2023,9:59:00,101.47
8/13/2023,10:59:00,101.51
8/13/2023,11:59:00,101.53
8/13/2023,12:59:00,101.59
8/13/2023,13:59:00,101.65
8/13/2023,14:59:00,101.69
8/13/2023,15:59:00,101.69
8/13/2023,16:59:00,101.68
8/13/2023,18:59:00,101.62
8/13/2023,19:59:00,101.56
8/13/2023,21:59:00,101.47
8/13/2023,23:59:00,101.43
8/14/2023,0:59:00,101.47
8/14/2023,1:59:00,101.53
8/14/2023,2:59:00,101.56
8/14/2023,3:59:00,101.56
8/14/2023,4:59:00,101.53
8/14/2023,5:59:00,101.48
8/14/2023,6:59:00,101.44
8/14/2023,7:59:00,101.43
8/14/2023,8:59:00,101.46
8/14/2023,9:59:00,101.47
8/14/2023,10:59:00,101.55
8/14/2023,11:59:00,101.62
8/14/2023,12:59:00,101.7
8/14/2023,13:59:00,101.72
8/14/2023,14:59:00,101.73
8/14/2023,15:59:00,101.74
8/14/2023,16:59:00,101.68
8/14/2023,17:59:00,101.65
8/14/2023,18:59:00,101.61
8/14/2023,19:59:00,101.55
8/14/2023,20:59:00,101.51
8/14/2023,21:59:00,101.51
8/14/2023,22:59:00,101.47
8/14/2023,23:59:00,101.48
8/15/2023,0:59:00,101.52
8/15/2023,1:59:00,101.55
8/15/2023,2:59:00,101.57
8/15/2023,3:59:00,101.58
8/15/2023,4:59:00,101.53
8/15/2023,5:59:00,101.51
8/15/2023,6:59:00,101.48
8/15/2023,7:59:00,101.48
8/15/2023,8:59:00,101.48
8/15/2023,9:59:00,101.49
8/15/2023,10:59:00,101.53
8/15/2023,11:59:00,101.56
8/15/2023,12:59:00,101.63
8/15/2023,13:59:00,101.66
8/15/2023,14:59:00,101.66
8/15/2023,15:59:00,101.64
8/15/2023,16:59:00,101.59
8/15/2023,17:59:00,101.54
8/15/2023,18:59:00,101.49
8/15/2023,19:59:00,101.41
8/15/2023,20:59:00,101.29
8/15/2023,21:59:00,101.27
8/15/2023,22:59:00,101.23
8/15/2023,23:59:00,101.25
8/16/2023,0:59:00,101.29
8/16/2023,1:59:00,101.34
8/16/2023,2:59:00,101.48
8/16/2023,3:59:00,101.39
8/16/2023,4:59:00,101.51
8/16/2023,5:59:00,101.45
8/16/2023,6:59:00,101.36
8/16/2023,7:59:00,101.35
8/16/2023,8:59:00,101.37
8/16/2023,9:59:00,101.37
8/16/2023,11:59:00,101.45
8/16/2023,12:59:00,101.49
8/16/2023,13:59:00,101.52
8/16/2023,14:59:00,101.52
8/16/2023,15:59:00,101.52
8/16/2023,16:59:00,101.49
8/16/2023,17:59:00,101.48
8/16/2023,18:59:00,101.42
8/16/2023,19:59:00,101.37
8/16/2023,20:59:00,101.3
8/16/2023,21:59:00,101.23
8/16/2023,22:59:00,101.19
8/16/2023,23:59:00,101.17
8/17/2023,0:59:00,101.17
8/17/2023,1:59:00,101.21
8/17/2023,2:59:00,101.25
8/17/2023,3:59:00,101.27
8/17/2023,4:59:00,101.28
8/17/2023,5:59:00,101.27
8/17/2023,6:59:00,101.24
8/17/2023,7:59:00,101.26
8/17/2023,8:59:00,101.26
8/17/2023,9:59:00,101.3
8/17/2023,10:59:00,101.3
8/17/2023,11:59:00,101.34
8/17/2023,12:59:00,101.35
8/17/2023,13:59:00,101.39
8/17/2023,14:59:00,101.41
8/17/2023,15:59:00,101.44
8/17/2023,16:59:00,101.43
8/17/2023,17:59:00,101.4
8/17/2023,18:59:00,101.35
8/17/2023,19:59:00,101.3
8/17/2023,20:59:00,101.23
8/17/2023,21:59:00,101.19
8/17/2023,22:59:00,101.17
8/17/2023,23:59:00,101.17
8/18/2023,0:59:00,101.2
8/18/2023,1:59:00,101.24
8/18/2023,2:59:00,101.28
8/18/2023,3:59:00,101.29
8/18/2023,4:59:00,101.31
8/18/2023,5:59:00,101.31
8/18/2023,6:59:00,101.3
8/18/2023,7:59:00,101.32
8/18/2023,8:59:00,101.3
8/18/2023,9:59:00,101.34
8/18/2023,10:59:00,101.37
8/18/2023,11:59:00,101.42
8/18/2023,12:59:00,101.47
8/18/2023,13:59:00,101.51
8/18/2023,14:59:00,101.56
8/18/2023,15:59:00,101.6
8/18/2023,16:59:00,101.56
8/18/2023,17:59:00,101.5
8/18/2023,18:59:00,101.46
8/18/2023,19:59:00,101.4
8/18/2023,20:59:00,101.32
8/18/2023,21:59:00,101.27
8/18/2023,22:59:00,101.23
8/18/2023,23:59:00,101.22
8/19/2023,0:59:00,101.26
8/19/2023,1:59:00,101.29
8/19/2023,2:59:00,101.32
8/19/2023,3:59:00,101.34
8/19/2023,4:59:00,101.35
8/19/2023,5:59:00,101.34
8/19/2023,6:59:00,101.3
8/19/2023,7:59:00,101.31
8/19/2023,8:59:00,101.33
8/19/2023,9:59:00,101.38
8/19/2023,10:59:00,101.42
8/19/2023,11:59:00,101.46
8/19/2023,12:59:00,101.51
8/19/2023,13:59:00,101.56
8/19/2023,14:59:00,101.6
8/19/2023,15:59:00,101.59
8/19/2023,16:59:00,101.55
8/19/2023,17:59:00,101.51
8/19/2023,18:59:00,101.45
8/19/2023,19:59:00,101.35
8/19/2023,20:59:00,101.29
8/19/2023,21:59:00,101.28
8/19/2023,22:59:00,101.25
8/19/2023,23:59:00,101.24
8/20/2023,0:59:00,101.25
8/20/2023,1:59:00,101.29
8/20/2023,2:59:00,101.31
8/20/2023,3:59:00,101.35
8/20/2023,4:59:00,101.38
8/20/2023,5:59:00,101.38
8/20/2023,6:59:00,101.38
8/20/2023,7:59:00,101.4
8/20/2023,8:59:00,101.42
8/20/2023,9:59:00,101.43
8/20/2023,10:59:00,101.44
8/20/2023,11:59:00,101.49
8/20/2023,12:59:00,101.52
8/20/2023,13:59:00,101.56
8/20/2023,14:59:00,101.6
8/20/2023,15:59:00,101.59
8/20/2023,16:59:00,101.6
8/20/2023,17:59:00,101.56
8/20/2023,18:59:00,101.53
8/20/2023,19:59:00,101.45
8/20/2023,20:59:00,101.4
8/20/2023,21:59:00,101.36
8/20/2023,22:59:00,101.36
8/20/2023,23:59:00,101.38
8/21/2023,0:59:00,101.43
8/21/2023,1:59:00,101.5
8/21/2023,2:59:00,101.56
8/21/2023,3:59:00,101.59
8/21/2023,4:59:00,101.57
8/21/2023,5:59:00,101.53
8/21/2023,6:59:00,101.5
8/21/2023,7:59:00,101.47
8/21/2023,8:59:00,101.48
8/21/2023,9:59:00,101.49
8/21/2023,10:59:00,101.52
8/21/2023,11:59:00,101.57
8/21/2023,12:59:00,101.6
8/21/2023,13:59:00,101.59
8/21/2023,14:59:00,101.58
8/21/2023,15:59:00,101.57
8/21/2023,17:59:00,101.55
8/21/2023,18:59:00,101.52
8/21/2023,19:59:00,101.49
8/21/2023,20:59:00,101.48
8/21/2023,21:59:00,101.5
8/21/2023,22:59:00,101.52
8/21/2023,23:59:00,101.59
8/22/2023,2:59:00,101.58
8/22/2023,3:59:00,101.59
8/22/2023,4:59:00,101.58
8/22/2023,5:59:00,101.55
8/22/2023,6:59:00,101.51
8/22/2023,7:59:00,101.49
8/22/2023,8:59:00,101.48
8/22/2023,9:59:00,101.48
8/22/2023,10:59:00,101.47
8/22/2023,11:59:00,101.49
8/22/2023,12:59:00,101.54
8/22/2023,13:59:00,101.57
8/22/2023,14:59:00,101.61
8/22/2023,15:59:00,101.63
8/22/2023,16:59:00,101.61
8/22/2023,17:59:00,101.58
8/22/2023,18:59:00,101.55
8/22/2023,19:59:00,101.5
8/22/2023,20:59:00,101.45
8/22/2023,21:59:00,101.45
8/22/2023,22:59:00,101.43
8/22/2023,23:59:00,101.43
8/23/2023,0:59:00,101.45
8/23/2023,1:59:00,101.48
8/23/2023,2:59:00,101.51
8/23/2023,3:59:00,101.48
8/23/2023,4:59:00,101.47
8/23/2023,5:59:00,101.45
8/23/2023,6:59:00,101.45
8/23/2023,7:59:00,101.42
8/23/2023,8:59:00,101.41
8/23/2023,9:59:00,101.44
8/23/2023,10:59:00,101.48
8/23/2023,11:59:00,101.57
8/23/2023,12:59:00,101.61
8/23/2023,13:59:00,101.65
8/23/2023,14:59:00,101.64
8/23/2023,16:59:00,101.57
8/23/2023,17:59:00,101.53
8/23/2023,18:59:00,101.44
8/23/2023,19:59:00,101.35
8/23/2023,20:59:00,101.29
8/23/2023,21:59:00,101.26
8/23/2023,22:59:00,101.2
8/23/2023,23:59:00,101.2
